,index,main_url,mainID,style1,style2
0,0,https://image.obdesign.com.tw/catalog/products/AB18002/AB18002@1.jpg,AB18002,清新甜美,
1,1,https://image.obdesign.com.tw/catalog/products/AB18064/AB18064@1.jpg,AB18064,清新甜美,溫柔浪漫
2,2,https://image.obdesign.com.tw/catalog/products/AB17759/AB17759@1.jpg,AB17759,率性休閒,簡約質感
3,3,https://image.obdesign.com.tw/catalog/products/AB18078/AB18078@1.jpg,AB18078,簡約質感,大氣優雅
4,4,https://image.obdesign.com.tw/catalog/products/AB18110/AB18110@1.jpg,AB18110,率性休閒,態度個性
5,5,https://image.obdesign.com.tw/catalog/products/AB17570/AB17570@1.jpg,AB17570,性感迷人,態度個性
6,6,https://image.obdesign.com.tw/catalog/products/DA9527/DA9527@1.jpg,DA9527,清新甜美,溫柔浪漫
7,7,https://image.obdesign.com.tw/catalog/products/BA6909/BA6909@1.jpg,BA6909,率性休閒,性感迷人
8,8,https://image.obdesign.com.tw/catalog/products/AB16497/AB16497@1.jpg,AB16497,溫柔浪漫,大氣優雅
9,9,https://image.obdesign.com.tw/catalog/products/KL1466/KL1466@1.jpg,KL1466,率性休閒,態度個性
10,10,https://image.obdesign.com.tw/catalog/products/DA9510/DA9510@1.jpg,DA9510,清新甜美,大氣優雅
11,11,https://image.obdesign.com.tw/catalog/products/AB17953/AB17953@1.jpg,AB17953,清新甜美,溫柔浪漫
12,12,https://image.obdesign.com.tw/catalog/products/AB17583/AB17583@1.jpg,AB17583,率性休閒,態度個性
13,13,https://image.obdesign.com.tw/catalog/products/KS1089/KS1089@1.jpg,KS1089,率性休閒,簡約質感
14,14,https://image.obdesign.com.tw/catalog/products/BA6977/BA6977@1.jpg,BA6977,簡約質感,態度個性
15,15,https://image.obdesign.com.tw/catalog/products/FA2675/FA2675@1.jpg,FA2675,清新甜美,溫柔浪漫
16,16,https://image.obdesign.com.tw/catalog/products/AB18094/AB18094@1.jpg,AB18094,簡約質感,大氣優雅
17,17,https://image.obdesign.com.tw/catalog/products/AB18166/AB18166@1.jpg,AB18166,清新甜美,溫柔浪漫
18,18,https://image.obdesign.com.tw/catalog/products/AB17641/AB17641@1.jpg,AB17641,簡約質感,大氣優雅
19,19,https://image.obdesign.com.tw/catalog/products/AB18075/AB18075@1.jpg,AB18075,慵懶度假,性感迷人
20,20,https://image.obdesign.com.tw/catalog/products/AB18227/AB18227@1.jpg,AB18227,,
21,21,https://image.obdesign.com.tw/catalog/products/AB7979/AB7979@1.jpg,AB7979,簡約質感,溫柔浪漫
22,22,https://image.obdesign.com.tw/catalog/products/KL1529/KL1529@1.jpg,KL1529,,
23,23,https://image.obdesign.com.tw/catalog/products/AB17586/AB17586@1.jpg,AB17586,都會輕熟,溫柔浪漫
24,24,https://image.obdesign.com.tw/catalog/products/AB17762/AB17762@1.jpg,AB17762,清新甜美,溫柔浪漫
25,25,https://image.obdesign.com.tw/catalog/products/EA3270/EA3270@1.jpg,EA3270,率性休閒,簡約質感
26,26,https://image.obdesign.com.tw/catalog/products/AB18081/AB18081@1.jpg,AB18081,清新甜美,溫柔浪漫
27,27,https://image.obdesign.com.tw/catalog/products/KL1386/KL1386@1.jpg,KL1386,率性休閒,其他
28,28,https://image.obdesign.com.tw/catalog/products/BA6836/BA6836@1.jpg,BA6836,率性休閒,簡約質感
29,29,https://image.obdesign.com.tw/catalog/products/AB17975/AB17975@1.jpg,AB17975,簡約質感,大氣優雅
30,30,https://image.obdesign.com.tw/catalog/products/KS1050/KS1050@1.jpg,KS1050,率性休閒,性感迷人
31,31,https://image.obdesign.com.tw/catalog/products/EA3473/EA3473@1.jpg,EA3473,清新甜美,溫柔浪漫
32,32,https://image.obdesign.com.tw/catalog/products/CA1210/CA1210@1.jpg,CA1210,,
33,33,https://image.obdesign.com.tw/catalog/products/AB17610/AB17610@1.jpg,AB17610,率性休閒,態度個性
34,34,https://image.obdesign.com.tw/catalog/products/FA2616/FA2616@1.jpg,FA2616,清新甜美,溫柔浪漫
35,35,https://image.obdesign.com.tw/catalog/products/AB17731/AB17731@1.jpg,AB17731,率性休閒,態度個性
36,36,https://image.obdesign.com.tw/catalog/products/EA3387/EA3387@1.jpg,EA3387,簡約質感,都會輕熟
37,37,https://image.obdesign.com.tw/catalog/products/AB17479/AB17479@1.jpg,AB17479,率性休閒,簡約質感
38,38,https://image.obdesign.com.tw/catalog/products/DA9614/DA9614@1.jpg,DA9614,簡約質感,
39,39,https://image.obdesign.com.tw/catalog/products/BA6991/BA6991@1.jpg,BA6991,率性休閒,簡約質感
40,40,https://image.obdesign.com.tw/catalog/products/KL1462/KL1462@1.jpg,KL1462,率性休閒,態度個性
41,41,https://image.obdesign.com.tw/catalog/products/BA6956/BA6956@1.jpg,BA6956,簡約質感,都會輕熟
42,42,https://image.obdesign.com.tw/catalog/products/BA6970/BA6970@1.jpg,BA6970,率性休閒,清新甜美
43,43,https://image.obdesign.com.tw/catalog/products/KG1466/KG1466@1.jpg,KG1466,率性休閒,態度個性
44,44,https://image.obdesign.com.tw/catalog/products/EA3382/EA3382@1.jpg,EA3382,率性休閒,清新甜美
45,45,https://image.obdesign.com.tw/catalog/products/CA2708/CA2708@1.jpg,CA2708,率性休閒,簡約質感
46,46,https://image.obdesign.com.tw/catalog/products/BA6992/BA6992@1.jpg,BA6992,簡約質感,
47,47,https://image.obdesign.com.tw/catalog/products/FA2706/FA2706@1.jpg,FA2706,簡約質感,慵懶度假
48,48,https://image.obdesign.com.tw/catalog/products/AB17766/AB17766@1.jpg,AB17766,簡約質感,性感迷人
49,49,https://image.obdesign.com.tw/catalog/products/AB16769/AB16769@1.jpg,AB16769,清新甜美,溫柔浪漫
50,50,https://image.obdesign.com.tw/catalog/products/FA2741/FA2741@1.jpg,FA2741,簡約質感,
51,51,https://image.obdesign.com.tw/catalog/products/AB18217/AB18217@1.jpg,AB18217,,
52,52,https://image.obdesign.com.tw/catalog/products/AB17987/AB17987@1.jpg,AB17987,慵懶度假,性感迷人
53,53,https://image.obdesign.com.tw/catalog/products/BA7011/BA7011@1.jpg,BA7011,簡約質感,大氣優雅
54,54,https://image.obdesign.com.tw/catalog/products/DA9605/DA9605@1.jpg,DA9605,清新甜美,慵懶度假
55,55,https://image.obdesign.com.tw/catalog/products/BA6834/BA6834@1.jpg,BA6834,率性休閒,簡約質感
56,56,https://image.obdesign.com.tw/catalog/products/AB17830/AB17830@1.jpg,AB17830,率性休閒,態度個性
57,57,https://image.obdesign.com.tw/catalog/products/BA7025/BA7025@1.jpg,BA7025,清新甜美,溫柔浪漫
58,58,https://image.obdesign.com.tw/catalog/products/AB18253/AB18253@1.jpg,AB18253,,
59,59,https://image.obdesign.com.tw/catalog/products/AB18209/AB18209@1.jpg,AB18209,,
60,60,https://image.obdesign.com.tw/catalog/products/FA2594/FA2594@1.jpg,FA2594,清新甜美,溫柔浪漫
61,61,https://image.obdesign.com.tw/catalog/products/AB16809/AB16809@1.jpg,AB16809,溫柔浪漫,大氣優雅
62,62,https://image.obdesign.com.tw/catalog/products/AB16184/AB16184@1.jpg,AB16184,率性休閒,態度個性
63,63,https://image.obdesign.com.tw/catalog/products/ZQ0046/ZQ0046@1.jpg,ZQ0046,率性休閒,
64,64,https://image.obdesign.com.tw/catalog/products/DA9497/DA9497@1.jpg,DA9497,率性休閒,態度個性
65,65,https://image.obdesign.com.tw/catalog/products/AB17845/AB17845@1.jpg,AB17845,率性休閒,簡約質感
66,66,https://image.obdesign.com.tw/catalog/products/DA9508/DA9508@1.jpg,DA9508,清新甜美,溫柔浪漫
67,67,https://image.obdesign.com.tw/catalog/products/EA3449/EA3449@1.jpg,EA3449,率性休閒,態度個性
68,68,https://image.obdesign.com.tw/catalog/products/KL1501/KL1501@1.jpg,KL1501,率性休閒,簡約質感
69,69,https://image.obdesign.com.tw/catalog/products/FA2579/FA2579@1.jpg,FA2579,率性休閒,態度個性
70,70,https://image.obdesign.com.tw/catalog/products/AB16224/AB16224@1.jpg,AB16224,溫柔浪漫,大氣優雅
71,71,https://image.obdesign.com.tw/catalog/products/AB17597/AB17597@1.jpg,AB17597,簡約質感,都會輕熟
72,72,https://image.obdesign.com.tw/catalog/products/AB17970/AB17970@1.jpg,AB17970,簡約質感,都會輕熟
73,73,https://image.obdesign.com.tw/catalog/products/BA6989/BA6989@1.jpg,BA6989,簡約質感,
74,74,https://image.obdesign.com.tw/catalog/products/AB16025/AB16025@1.jpg,AB16025,簡約質感,大氣優雅
75,75,https://image.obdesign.com.tw/catalog/products/DA9500/DA9500@1.jpg,DA9500,率性休閒,態度個性
76,76,https://image.obdesign.com.tw/catalog/products/ZC2748/ZC2748@1.jpg,ZC2748,簡約質感,溫柔浪漫
77,77,https://image.obdesign.com.tw/catalog/products/FA2600/FA2600@1.jpg,FA2600,清新甜美,溫柔浪漫
78,78,https://image.obdesign.com.tw/catalog/products/DA9571/DA9571@1.jpg,DA9571,率性休閒,簡約質感
79,79,https://image.obdesign.com.tw/catalog/products/FA2609/FA2609@1.jpg,FA2609,率性休閒,簡約質感
80,80,https://image.obdesign.com.tw/catalog/products/EA3390/EA3390@1.jpg,EA3390,率性休閒,態度個性
81,81,https://image.obdesign.com.tw/catalog/products/KL1452/KL1452@1.jpg,KL1452,率性休閒,態度個性
82,82,https://image.obdesign.com.tw/catalog/products/AB18065/AB18065@1.jpg,AB18065,慵懶度假,性感迷人
83,83,https://image.obdesign.com.tw/catalog/products/AB17778/AB17778@1.jpg,AB17778,率性休閒,態度個性
84,84,https://image.obdesign.com.tw/catalog/products/KL1508/KL1508@1.jpg,KL1508,率性休閒,態度個性
85,85,https://image.obdesign.com.tw/catalog/products/FA2674/FA2674@1.jpg,FA2674,簡約質感,都會輕熟
86,86,https://image.obdesign.com.tw/catalog/products/AB18022/AB18022@1.jpg,AB18022,率性休閒,態度個性
87,87,https://image.obdesign.com.tw/catalog/products/KS1065/KS1065@1.jpg,KS1065,率性休閒,簡約質感
88,88,https://image.obdesign.com.tw/catalog/products/AB18142/AB18142@1.jpg,AB18142,,
89,89,https://image.obdesign.com.tw/catalog/products/AB17558/AB17558@1.jpg,AB17558,率性休閒,態度個性
90,90,https://image.obdesign.com.tw/catalog/products/AB18007/AB18007@1.jpg,AB18007,清新甜美,溫柔浪漫
91,91,https://image.obdesign.com.tw/catalog/products/AB16141/AB16141@1.jpg,AB16141,率性休閒,都會輕熟
92,92,https://image.obdesign.com.tw/catalog/products/FA2618/FA2618@1.jpg,FA2618,率性休閒,溫柔浪漫
93,93,https://image.obdesign.com.tw/catalog/products/AB18150/AB18150@1.jpg,AB18150,率性休閒,慵懶度假
94,94,https://image.obdesign.com.tw/catalog/products/AB17647/AB17647@1.jpg,AB17647,率性休閒,清新甜美
95,95,https://image.obdesign.com.tw/catalog/products/CA2685/CA2685@1.jpg,CA2685,簡約質感,清新甜美
96,96,https://image.obdesign.com.tw/catalog/products/BA6862/BA6862@1.jpg,BA6862,率性休閒,態度個性
97,97,https://image.obdesign.com.tw/catalog/products/AB17903/AB17903@1.jpg,AB17903,率性休閒,態度個性
98,98,https://image.obdesign.com.tw/catalog/products/ZC2821/ZC2821@1.jpg,ZC2821,率性休閒,態度個性
99,99,https://image.obdesign.com.tw/catalog/products/AB18097/AB18097@1.jpg,AB18097,清新甜美,溫柔浪漫
100,100,https://image.obdesign.com.tw/catalog/products/AB18100/AB18100@1.jpg,AB18100,清新甜美,溫柔浪漫
101,101,https://image.obdesign.com.tw/catalog/products/FA2681/FA2681@1.jpg,FA2681,率性休閒,簡約質感
102,102,https://image.obdesign.com.tw/catalog/products/CA2655/CA2655@1.jpg,CA2655,率性休閒,態度個性
103,103,https://image.obdesign.com.tw/catalog/products/KS1069/KS1069@1.jpg,KS1069,率性休閒,態度個性
104,104,https://image.obdesign.com.tw/catalog/products/DA9450/DA9450@1.jpg,DA9450,清新甜美,溫柔浪漫
105,105,https://image.obdesign.com.tw/catalog/products/ZQ0047/ZQ0047@1.jpg,ZQ0047,率性休閒,
106,106,https://image.obdesign.com.tw/catalog/products/DA9562/DA9562@1.jpg,DA9562,簡約質感,
107,107,https://image.obdesign.com.tw/catalog/products/AB17974/AB17974@1.jpg,AB17974,清新甜美,溫柔浪漫
108,108,https://image.obdesign.com.tw/catalog/products/EA3400/EA3400@1.jpg,EA3400,率性休閒,態度個性
109,109,https://image.obdesign.com.tw/catalog/products/DA9532/DA9532@1.jpg,DA9532,簡約質感,
110,110,https://image.obdesign.com.tw/catalog/products/AB17818/AB17818@1.jpg,AB17818,率性休閒,簡約質感
111,111,https://image.obdesign.com.tw/catalog/products/AB18232/AB18232@1.jpg,AB18232,,
112,112,https://image.obdesign.com.tw/catalog/products/AB16345/AB16345@1.jpg,AB16345,簡約質感,都會輕熟
113,113,https://image.obdesign.com.tw/catalog/products/KS1080/KS1080@1.jpg,KS1080,率性休閒,態度個性
114,114,https://image.obdesign.com.tw/catalog/products/BA6928/BA6928@1.jpg,BA6928,簡約質感,都會輕熟
115,115,https://image.obdesign.com.tw/catalog/products/AB17962/AB17962@1.jpg,AB17962,簡約質感,溫柔浪漫
116,116,https://image.obdesign.com.tw/catalog/products/DA9391/DA9391@1.jpg,DA9391,簡約質感,溫柔浪漫
117,117,https://image.obdesign.com.tw/catalog/products/FA2635/FA2635@1.jpg,FA2635,簡約質感,都會輕熟
118,118,https://image.obdesign.com.tw/catalog/products/AB17547/AB17547@1.jpg,AB17547,清新甜美,溫柔浪漫
119,119,https://image.obdesign.com.tw/catalog/products/AB17680/AB17680@1.jpg,AB17680,簡約質感,大氣優雅
120,120,https://image.obdesign.com.tw/catalog/products/KB1425/KB1425@1.jpg,KB1425,清新甜美,
121,121,https://image.obdesign.com.tw/catalog/products/AB17851/AB17851@1.jpg,AB17851,清新甜美,溫柔浪漫
122,122,https://image.obdesign.com.tw/catalog/products/MA0537/MA0537@1.jpg,MA0537,簡約質感,溫柔浪漫
123,123,https://image.obdesign.com.tw/catalog/products/AB17542/AB17542@1.jpg,AB17542,率性休閒,簡約質感
124,124,https://image.obdesign.com.tw/catalog/products/AB17664/AB17664@1.jpg,AB17664,率性休閒,態度個性
125,125,https://image.obdesign.com.tw/catalog/products/EA3404/EA3404@1.jpg,EA3404,率性休閒,簡約質感
126,126,https://image.obdesign.com.tw/catalog/products/EA3475/EA3475@1.jpg,EA3475,簡約質感,態度個性
127,127,https://image.obdesign.com.tw/catalog/products/EA3435/EA3435@1.jpg,EA3435,率性休閒,簡約質感
128,128,https://image.obdesign.com.tw/catalog/products/DA9509/DA9509@1.jpg,DA9509,簡約質感,溫柔浪漫
129,129,https://image.obdesign.com.tw/catalog/products/AB18171/AB18171@1.jpg,AB18171,,
130,130,https://image.obdesign.com.tw/catalog/products/DA9462/DA9462@1.jpg,DA9462,簡約質感,清新甜美
131,131,https://image.obdesign.com.tw/catalog/products/FA2691/FA2691@1.jpg,FA2691,率性休閒,簡約質感
132,132,https://image.obdesign.com.tw/catalog/products/AB17919/AB17919@1.jpg,AB17919,率性休閒,態度個性
133,133,https://image.obdesign.com.tw/catalog/products/EA3395/EA3395@1.jpg,EA3395,率性休閒,態度個性
134,134,https://image.obdesign.com.tw/catalog/products/AB17968/AB17968@1.jpg,AB17968,簡約質感,大氣優雅
135,135,https://image.obdesign.com.tw/catalog/products/AB17994/AB17994@1.jpg,AB17994,率性休閒,態度個性
136,136,https://image.obdesign.com.tw/catalog/products/FA2629/FA2629@1.jpg,FA2629,率性休閒,簡約質感
137,137,https://image.obdesign.com.tw/catalog/products/AB17512/AB17512@1.jpg,AB17512,簡約質感,清新甜美
138,138,https://image.obdesign.com.tw/catalog/products/AB8262/AB8262@1.jpg,AB8262,率性休閒,清新甜美
139,139,https://image.obdesign.com.tw/catalog/products/AB18185/AB18185@1.jpg,AB18185,清新甜美,
140,140,https://image.obdesign.com.tw/catalog/products/BA6951/BA6951@1.jpg,BA6951,率性休閒,慵懶度假
141,141,https://image.obdesign.com.tw/catalog/products/AB18082/AB18082@1.jpg,AB18082,,
142,142,https://image.obdesign.com.tw/catalog/products/AB18138/AB18138@1.jpg,AB18138,率性休閒,態度個性
143,143,https://image.obdesign.com.tw/catalog/products/BA6855/BA6855@1.jpg,BA6855,率性休閒,簡約質感
144,144,https://image.obdesign.com.tw/catalog/products/AB17955/AB17955@1.jpg,AB17955,率性休閒,簡約質感
145,145,https://image.obdesign.com.tw/catalog/products/DA9490/DA9490@1.jpg,DA9490,率性休閒,清新甜美
146,146,https://image.obdesign.com.tw/catalog/products/AB18154/AB18154@1.jpg,AB18154,清新甜美,溫柔浪漫
147,147,https://image.obdesign.com.tw/catalog/products/AB17003/AB17003@1.jpg,AB17003,簡約質感,態度個性
148,148,https://image.obdesign.com.tw/catalog/products/DA9531/DA9531@1.jpg,DA9531,簡約質感,溫柔浪漫
149,149,https://image.obdesign.com.tw/catalog/products/DA9424/DA9424@1.jpg,DA9424,簡約質感,大氣優雅
150,150,https://image.obdesign.com.tw/catalog/products/AB16997/AB16997@1.jpg,AB16997,,
151,151,https://image.obdesign.com.tw/catalog/products/QA1608/QA1608@1.jpg,QA1608,率性休閒,
152,152,https://image.obdesign.com.tw/catalog/products/KL1448/KL1448@1.jpg,KL1448,率性休閒,其他
153,153,https://image.obdesign.com.tw/catalog/products/QA1559/QA1559@1.jpg,QA1559,率性休閒,
154,154,https://image.obdesign.com.tw/catalog/products/AB17978/AB17978@1.jpg,AB17978,率性休閒,清新甜美
155,155,https://image.obdesign.com.tw/catalog/products/AB17888/AB17888@1.jpg,AB17888,清新甜美,溫柔浪漫
156,156,https://image.obdesign.com.tw/catalog/products/QA1594/QA1594@1.jpg,QA1594,清新甜美,
157,157,https://image.obdesign.com.tw/catalog/products/AB17973/AB17973@1.jpg,AB17973,率性休閒,清新甜美
158,158,https://image.obdesign.com.tw/catalog/products/AB17700/AB17700@1.jpg,AB17700,簡約質感,都會輕熟
159,159,https://image.obdesign.com.tw/catalog/products/AB18114/AB18114@1.jpg,AB18114,清新甜美,溫柔浪漫
160,160,https://image.obdesign.com.tw/catalog/products/FA2663/FA2663@1.jpg,FA2663,率性休閒,簡約質感
161,161,https://image.obdesign.com.tw/catalog/products/DA9427/DA9427@1.jpg,DA9427,清新甜美,
162,162,https://image.obdesign.com.tw/catalog/products/AB17571/AB17571@1.jpg,AB17571,簡約質感,慵懶度假
163,163,https://image.obdesign.com.tw/catalog/products/BA6524/BA6524@1.jpg,BA6524,簡約質感,都會輕熟
164,164,https://image.obdesign.com.tw/catalog/products/AB18079/AB18079@1.jpg,AB18079,簡約質感,
165,165,https://image.obdesign.com.tw/catalog/products/BA6797/BA6797@1.jpg,BA6797,清新甜美,溫柔浪漫
166,166,https://image.obdesign.com.tw/catalog/products/DA9567/DA9567@1.jpg,DA9567,簡約質感,溫柔浪漫
167,167,https://image.obdesign.com.tw/catalog/products/AB17946/AB17946@1.jpg,AB17946,率性休閒,簡約質感
168,168,https://image.obdesign.com.tw/catalog/products/EA3386/EA3386@1.jpg,EA3386,率性休閒,簡約質感
169,169,https://image.obdesign.com.tw/catalog/products/DA9422/DA9422@1.jpg,DA9422,溫柔浪漫,性感迷人
170,170,https://image.obdesign.com.tw/catalog/products/BA6842/BA6842@1.jpg,BA6842,率性休閒,慵懶度假
171,171,https://image.obdesign.com.tw/catalog/products/FA2632/FA2632@1.jpg,FA2632,清新甜美,溫柔浪漫
172,172,https://image.obdesign.com.tw/catalog/products/BA6954/BA6954@1.jpg,BA6954,率性休閒,都會輕熟
173,173,https://image.obdesign.com.tw/catalog/products/EA3375/EA3375@1.jpg,EA3375,率性休閒,態度個性
174,174,https://image.obdesign.com.tw/catalog/products/KG1449/KG1449@1.jpg,KG1449,率性休閒,態度個性
175,175,https://image.obdesign.com.tw/catalog/products/AB17684/AB17684@1.jpg,AB17684,簡約質感,大氣優雅
176,176,https://image.obdesign.com.tw/catalog/products/FA2628/FA2628@1.jpg,FA2628,清新甜美,溫柔浪漫
177,177,https://image.obdesign.com.tw/catalog/products/AB17930/AB17930@1.jpg,AB17930,清新甜美,溫柔浪漫
178,178,https://image.obdesign.com.tw/catalog/products/QA1571/QA1571@1.jpg,QA1571,率性休閒,
179,179,https://image.obdesign.com.tw/catalog/products/QA1546/QA1546@1.jpg,QA1546,清新甜美,
180,180,https://image.obdesign.com.tw/catalog/products/AB18151/AB18151@1.jpg,AB18151,簡約質感,
181,181,https://image.obdesign.com.tw/catalog/products/DA9507/DA9507@1.jpg,DA9507,清新甜美,溫柔浪漫
182,182,https://image.obdesign.com.tw/catalog/products/BA6833/BA6833@1.jpg,BA6833,率性休閒,簡約質感
183,183,https://image.obdesign.com.tw/catalog/products/KL1491/KL1491@1.jpg,KL1491,率性休閒,態度個性
184,184,https://image.obdesign.com.tw/catalog/products/MA0501/MA0501@1.jpg,MA0501,率性休閒,
185,185,https://image.obdesign.com.tw/catalog/products/KL1428/KL1428@1.jpg,KL1428,率性休閒,態度個性
186,186,https://image.obdesign.com.tw/catalog/products/DA9487/DA9487@1.jpg,DA9487,率性休閒,簡約質感
187,187,https://image.obdesign.com.tw/catalog/products/AB17947/AB17947@1.jpg,AB17947,清新甜美,溫柔浪漫
188,188,https://image.obdesign.com.tw/catalog/products/KL1532/KL1532@1.jpg,KL1532,,
189,189,https://image.obdesign.com.tw/catalog/products/DA9541/DA9541@1.jpg,DA9541,清新甜美,溫柔浪漫
190,190,https://image.obdesign.com.tw/catalog/products/AB18280/AB18280@1.jpg,AB18280,率性休閒,態度個性
191,191,https://image.obdesign.com.tw/catalog/products/AB18033/AB18033@1.jpg,AB18033,率性休閒,清新甜美
192,192,https://image.obdesign.com.tw/catalog/products/AB18183/AB18183@1.jpg,AB18183,率性休閒,慵懶度假
193,193,https://image.obdesign.com.tw/catalog/products/ZC2750/ZC2750@1.jpg,ZC2750,簡約質感,溫柔浪漫
194,194,https://image.obdesign.com.tw/catalog/products/KS1085/KS1085@1.jpg,KS1085,率性休閒,態度個性
195,195,https://image.obdesign.com.tw/catalog/products/AB18268/AB18268@1.jpg,AB18268,,
196,196,https://image.obdesign.com.tw/catalog/products/AB16797/AB16797@1.jpg,AB16797,簡約質感,溫柔浪漫
197,197,https://image.obdesign.com.tw/catalog/products/DA9588/DA9588@1.jpg,DA9588,,
198,198,https://image.obdesign.com.tw/catalog/products/EA3448/EA3448@1.jpg,EA3448,率性休閒,簡約質感
199,199,https://image.obdesign.com.tw/catalog/products/AB17537/AB17537@1.jpg,AB17537,清新甜美,溫柔浪漫
200,200,https://image.obdesign.com.tw/catalog/products/AB18141/AB18141@1.jpg,AB18141,簡約質感,大氣優雅
201,201,https://image.obdesign.com.tw/catalog/products/AB18133/AB18133@1.jpg,AB18133,率性休閒,態度個性
202,202,https://image.obdesign.com.tw/catalog/products/AB17510/AB17510@1.jpg,AB17510,簡約質感,都會輕熟
203,203,https://image.obdesign.com.tw/catalog/products/FA2649/FA2649@1.jpg,FA2649,大氣優雅,性感迷人
204,204,https://image.obdesign.com.tw/catalog/products/AB17507/AB17507@1.jpg,AB17507,率性休閒,態度個性
205,205,https://image.obdesign.com.tw/catalog/products/KL1473/KL1473@1.jpg,KL1473,率性休閒,態度個性
206,206,https://image.obdesign.com.tw/catalog/products/KS1083/KS1083@1.jpg,KS1083,率性休閒,態度個性
207,207,https://image.obdesign.com.tw/catalog/products/FA2633/FA2633@1.jpg,FA2633,清新甜美,溫柔浪漫
208,208,https://image.obdesign.com.tw/catalog/products/AB16491/AB16491@1.jpg,AB16491,清新甜美,溫柔浪漫
209,209,https://image.obdesign.com.tw/catalog/products/AB17957/AB17957@1.jpg,AB17957,簡約質感,都會輕熟
210,210,https://image.obdesign.com.tw/catalog/products/KS1094/KS1094@1.jpg,KS1094,率性休閒,性感迷人
211,211,https://image.obdesign.com.tw/catalog/products/AB17909/AB17909@1.jpg,AB17909,簡約質感,溫柔浪漫
212,212,https://image.obdesign.com.tw/catalog/products/FA2700/FA2700@1.jpg,FA2700,率性休閒,簡約質感
213,213,https://image.obdesign.com.tw/catalog/products/AB18071/AB18071@1.jpg,AB18071,清新甜美,溫柔浪漫
214,214,https://image.obdesign.com.tw/catalog/products/CA2690/CA2690@1.jpg,CA2690,清新甜美,溫柔浪漫
215,215,https://image.obdesign.com.tw/catalog/products/BA6925/BA6925@1.jpg,BA6925,率性休閒,簡約質感
216,216,https://image.obdesign.com.tw/catalog/products/QA1620/QA1620@1.jpg,QA1620,清新甜美,
217,217,https://image.obdesign.com.tw/catalog/products/DA9579/DA9579@1.jpg,DA9579,率性休閒,清新甜美
218,218,https://image.obdesign.com.tw/catalog/products/DA9471/DA9471@1.jpg,DA9471,簡約質感,大氣優雅
219,219,https://image.obdesign.com.tw/catalog/products/AB17681/AB17681@1.jpg,AB17681,率性休閒,簡約質感
220,220,https://image.obdesign.com.tw/catalog/products/FA2614/FA2614@1.jpg,FA2614,清新甜美,溫柔浪漫
221,221,https://image.obdesign.com.tw/catalog/products/EA3198/EA3198@1.jpg,EA3198,簡約質感,大氣優雅
222,222,https://image.obdesign.com.tw/catalog/products/KL1537/KL1537@1.jpg,KL1537,,
223,223,https://image.obdesign.com.tw/catalog/products/AB17870/AB17870@1.jpg,AB17870,率性休閒,簡約質感
224,224,https://image.obdesign.com.tw/catalog/products/FA2595/FA2595@1.jpg,FA2595,清新甜美,溫柔浪漫
225,225,https://image.obdesign.com.tw/catalog/products/CA2726/CA2726@1.jpg,CA2726,,
226,226,https://image.obdesign.com.tw/catalog/products/BA6893/BA6893@1.jpg,BA6893,率性休閒,簡約質感
227,227,https://image.obdesign.com.tw/catalog/products/FA2648/FA2648@1.jpg,FA2648,清新甜美,溫柔浪漫
228,228,https://image.obdesign.com.tw/catalog/products/EA3484/EA3484@1.jpg,EA3484,性感迷人,
229,229,https://image.obdesign.com.tw/catalog/products/EA3430/EA3430@1.jpg,EA3430,簡約質感,
230,230,https://image.obdesign.com.tw/catalog/products/AB17526/AB17526@1.jpg,AB17526,清新甜美,溫柔浪漫
231,231,https://image.obdesign.com.tw/catalog/products/DA9494/DA9494@1.jpg,DA9494,率性休閒,簡約質感
232,232,https://image.obdesign.com.tw/catalog/products/AB18225/AB18225@1.jpg,AB18225,,
233,233,https://image.obdesign.com.tw/catalog/products/AB16467/AB16467@1.jpg,AB16467,簡約質感,溫柔浪漫
234,234,https://image.obdesign.com.tw/catalog/products/DA9525/DA9525@1.jpg,DA9525,清新甜美,溫柔浪漫
235,235,https://image.obdesign.com.tw/catalog/products/CA2730/CA2730@1.jpg,CA2730,,
236,236,https://image.obdesign.com.tw/catalog/products/FA2720/FA2720@1.jpg,FA2720,清新甜美,溫柔浪漫
237,237,https://image.obdesign.com.tw/catalog/products/AB17543/AB17543@1.jpg,AB17543,率性休閒,態度個性
238,238,https://image.obdesign.com.tw/catalog/products/KL1440/KL1440@1.jpg,KL1440,率性休閒,簡約質感
239,239,https://image.obdesign.com.tw/catalog/products/CA2433/CA2433@1.jpg,CA2433,簡約質感,大氣優雅
240,240,https://image.obdesign.com.tw/catalog/products/AB17844/AB17844@1.jpg,AB17844,清新甜美,溫柔浪漫
241,241,https://image.obdesign.com.tw/catalog/products/EA3368/EA3368@1.jpg,EA3368,率性休閒,慵懶度假
242,242,https://image.obdesign.com.tw/catalog/products/AB17607/AB17607@1.jpg,AB17607,清新甜美,溫柔浪漫
243,243,https://image.obdesign.com.tw/catalog/products/AB16214/AB16214@1.jpg,AB16214,率性休閒,態度個性
244,244,https://image.obdesign.com.tw/catalog/products/DA9413/DA9413@1.jpg,DA9413,簡約質感,性感迷人
245,245,https://image.obdesign.com.tw/catalog/products/AB17874/AB17874@1.jpg,AB17874,清新甜美,溫柔浪漫
246,246,https://image.obdesign.com.tw/catalog/products/EA3440/EA3440@1.jpg,EA3440,大氣優雅,
247,247,https://image.obdesign.com.tw/catalog/products/BA7065/BA7065@1.jpg,BA7065,率性休閒,清新甜美
248,248,https://image.obdesign.com.tw/catalog/products/AB18069/AB18069@1.jpg,AB18069,清新甜美,溫柔浪漫
249,249,https://image.obdesign.com.tw/catalog/products/KS1048/KS1048@1.jpg,KS1048,率性休閒,性感迷人
250,250,https://image.obdesign.com.tw/catalog/products/BA6866/BA6866@1.jpg,BA6866,率性休閒,態度個性
251,251,https://image.obdesign.com.tw/catalog/products/DA9499/DA9499@1.jpg,DA9499,率性休閒,清新甜美
252,252,https://image.obdesign.com.tw/catalog/products/FA2705/FA2705@1.jpg,FA2705,簡約質感,
253,253,https://image.obdesign.com.tw/catalog/products/AB17616/AB17616@1.jpg,AB17616,率性休閒,態度個性
254,254,https://image.obdesign.com.tw/catalog/products/AB17934/AB17934@1.jpg,AB17934,率性休閒,簡約質感
255,255,https://image.obdesign.com.tw/catalog/products/DA9544/DA9544@1.jpg,DA9544,簡約質感,性感迷人
256,256,https://image.obdesign.com.tw/catalog/products/BA7076/BA7076@1.jpg,BA7076,,
257,257,https://image.obdesign.com.tw/catalog/products/AB18255/AB18255@1.jpg,AB18255,,
258,258,https://image.obdesign.com.tw/catalog/products/FA2680/FA2680@1.jpg,FA2680,清新甜美,溫柔浪漫
259,259,https://image.obdesign.com.tw/catalog/products/AB17651/AB17651@1.jpg,AB17651,清新甜美,溫柔浪漫
260,260,https://image.obdesign.com.tw/catalog/products/FA2612/FA2612@1.jpg,FA2612,簡約質感,溫柔浪漫
261,261,https://image.obdesign.com.tw/catalog/products/DA9405/DA9405@1.jpg,DA9405,清新甜美,溫柔浪漫
262,262,https://image.obdesign.com.tw/catalog/products/KS1072/KS1072@1.jpg,KS1072,率性休閒,性感迷人
263,263,https://image.obdesign.com.tw/catalog/products/QA1617/QA1617@1.jpg,QA1617,率性休閒,
264,264,https://image.obdesign.com.tw/catalog/products/DA9415/DA9415@1.jpg,DA9415,清新甜美,溫柔浪漫
265,265,https://image.obdesign.com.tw/catalog/products/QA1555/QA1555@1.jpg,QA1555,率性休閒,清新甜美
266,266,https://image.obdesign.com.tw/catalog/products/CA2682/CA2682@1.jpg,CA2682,率性休閒,清新甜美
267,267,https://image.obdesign.com.tw/catalog/products/BA6958/BA6958@1.jpg,BA6958,率性休閒,清新甜美
268,268,https://image.obdesign.com.tw/catalog/products/AB17817/AB17817@1.jpg,AB17817,率性休閒,態度個性
269,269,https://image.obdesign.com.tw/catalog/products/AB15988/AB15988@1.jpg,AB15988,溫柔浪漫,大氣優雅
270,270,https://image.obdesign.com.tw/catalog/products/QA1553/QA1553@1.jpg,QA1553,清新甜美,
271,271,https://image.obdesign.com.tw/catalog/products/FA2585/FA2585@1.jpg,FA2585,簡約質感,溫柔浪漫
272,272,https://image.obdesign.com.tw/catalog/products/CA2706/CA2706@1.jpg,CA2706,簡約質感,大氣優雅
273,273,https://image.obdesign.com.tw/catalog/products/BA6930/BA6930@1.jpg,BA6930,率性休閒,清新甜美
274,274,https://image.obdesign.com.tw/catalog/products/EA3380/EA3380@1.jpg,EA3380,率性休閒,清新甜美
275,275,https://image.obdesign.com.tw/catalog/products/AB16434/AB16434@1.jpg,AB16434,溫柔浪漫,大氣優雅
276,276,https://image.obdesign.com.tw/catalog/products/BA6840/BA6840@1.jpg,BA6840,,
277,277,https://image.obdesign.com.tw/catalog/products/BA6901/BA6901@1.jpg,BA6901,率性休閒,清新甜美
278,278,https://image.obdesign.com.tw/catalog/products/FA2603/FA2603@1.jpg,FA2603,簡約質感,
279,279,https://image.obdesign.com.tw/catalog/products/FA2643/FA2643@1.jpg,FA2643,率性休閒,態度個性
280,280,https://image.obdesign.com.tw/catalog/products/FA2723/FA2723@1.jpg,FA2723,,
281,281,https://image.obdesign.com.tw/catalog/products/FA2642/FA2642@1.jpg,FA2642,清新甜美,溫柔浪漫
282,282,https://image.obdesign.com.tw/catalog/products/CA2674/CA2674@1.jpg,CA2674,簡約質感,清新甜美
283,283,https://image.obdesign.com.tw/catalog/products/AB16247/AB16247@1.jpg,AB16247,率性休閒,
284,284,https://image.obdesign.com.tw/catalog/products/EA3439/EA3439@1.jpg,EA3439,率性休閒,簡約質感
285,285,https://image.obdesign.com.tw/catalog/products/DA9105/DA9105@1.jpg,DA9105,清新甜美,溫柔浪漫
286,286,https://image.obdesign.com.tw/catalog/products/AB18068/AB18068@1.jpg,AB18068,清新甜美,溫柔浪漫
287,287,https://image.obdesign.com.tw/catalog/products/FA2656/FA2656@1.jpg,FA2656,清新甜美,溫柔浪漫
288,288,https://image.obdesign.com.tw/catalog/products/AB16347/AB16347@1.jpg,AB16347,簡約質感,溫柔浪漫
289,289,https://image.obdesign.com.tw/catalog/products/DA9469/DA9469@1.jpg,DA9469,率性休閒,簡約質感
290,290,https://image.obdesign.com.tw/catalog/products/DA9563/DA9563@1.jpg,DA9563,清新甜美,溫柔浪漫
291,291,https://image.obdesign.com.tw/catalog/products/CA2653/CA2653@1.jpg,CA2653,簡約質感,都會輕熟
292,292,https://image.obdesign.com.tw/catalog/products/BA6998/BA6998@1.jpg,BA6998,率性休閒,態度個性
293,293,https://image.obdesign.com.tw/catalog/products/BA6913/BA6913@1.jpg,BA6913,率性休閒,態度個性
294,294,https://image.obdesign.com.tw/catalog/products/KS1092/KS1092@1.jpg,KS1092,率性休閒,態度個性
295,295,https://image.obdesign.com.tw/catalog/products/DA9436/DA9436@1.jpg,DA9436,清新甜美,溫柔浪漫
296,296,https://image.obdesign.com.tw/catalog/products/AB17907/AB17907@1.jpg,AB17907,清新甜美,溫柔浪漫
297,297,https://image.obdesign.com.tw/catalog/products/FA2659/FA2659@1.jpg,FA2659,清新甜美,溫柔浪漫
298,298,https://image.obdesign.com.tw/catalog/products/BA6950/BA6950@1.jpg,BA6950,率性休閒,清新甜美
299,299,https://image.obdesign.com.tw/catalog/products/CA2640/CA2640@1.jpg,CA2640,清新甜美,溫柔浪漫
300,300,https://image.obdesign.com.tw/catalog/products/AB17575/AB17575@1.jpg,AB17575,清新甜美,溫柔浪漫
301,301,https://image.obdesign.com.tw/catalog/products/BA6876/BA6876@1.jpg,BA6876,率性休閒,態度個性
302,302,https://image.obdesign.com.tw/catalog/products/BA6823/BA6823@1.jpg,BA6823,清新甜美,溫柔浪漫
303,303,https://image.obdesign.com.tw/catalog/products/KL1488/KL1488@1.jpg,KL1488,率性休閒,態度個性
304,304,https://image.obdesign.com.tw/catalog/products/CA2687/CA2687@1.jpg,CA2687,清新甜美,溫柔浪漫
305,305,https://image.obdesign.com.tw/catalog/products/AB17564/AB17564@1.jpg,AB17564,率性休閒,態度個性
306,306,https://image.obdesign.com.tw/catalog/products/QA1607/QA1607@1.jpg,QA1607,率性休閒,
307,307,https://image.obdesign.com.tw/catalog/products/AB17861/AB17861@1.jpg,AB17861,清新甜美,溫柔浪漫
308,308,https://image.obdesign.com.tw/catalog/products/AB17928/AB17928@1.jpg,AB17928,簡約質感,慵懶度假
309,309,https://image.obdesign.com.tw/catalog/products/ZC2618/ZC2618@1.jpg,ZC2618,率性休閒,簡約質感
310,310,https://image.obdesign.com.tw/catalog/products/AB18077/AB18077@1.jpg,AB18077,率性休閒,態度個性
311,311,https://image.obdesign.com.tw/catalog/products/AB17555/AB17555@1.jpg,AB17555,清新甜美,溫柔浪漫
312,312,https://image.obdesign.com.tw/catalog/products/AB18023/AB18023@1.jpg,AB18023,清新甜美,溫柔浪漫
313,313,https://image.obdesign.com.tw/catalog/products/BA6838/BA6838@1.jpg,BA6838,簡約質感,態度個性
314,314,https://image.obdesign.com.tw/catalog/products/AB17992/AB17992@1.jpg,AB17992,清新甜美,溫柔浪漫
315,315,https://image.obdesign.com.tw/catalog/products/AB17985/AB17985@1.jpg,AB17985,簡約質感,溫柔浪漫
316,316,https://image.obdesign.com.tw/catalog/products/AB17603/AB17603@1.jpg,AB17603,簡約質感,都會輕熟
317,317,https://image.obdesign.com.tw/catalog/products/BA6944/BA6944@1.jpg,BA6944,率性休閒,簡約質感
318,318,https://image.obdesign.com.tw/catalog/products/QA1582/QA1582@1.jpg,QA1582,率性休閒,
319,319,https://image.obdesign.com.tw/catalog/products/FA2742/FA2742@1.jpg,FA2742,簡約質感,慵懶度假
320,320,https://image.obdesign.com.tw/catalog/products/AB18233/AB18233@1.jpg,AB18233,,
321,321,https://image.obdesign.com.tw/catalog/products/AB18146/AB18146@1.jpg,AB18146,簡約質感,
322,322,https://image.obdesign.com.tw/catalog/products/DA9402/DA9402@1.jpg,DA9402,清新甜美,溫柔浪漫
323,323,https://image.obdesign.com.tw/catalog/products/AB17893/AB17893@1.jpg,AB17893,清新甜美,溫柔浪漫
324,324,https://image.obdesign.com.tw/catalog/products/DA9438/DA9438@1.jpg,DA9438,簡約質感,溫柔浪漫
325,325,https://image.obdesign.com.tw/catalog/products/DA9513/DA9513@1.jpg,DA9513,簡約質感,大氣優雅
326,326,https://image.obdesign.com.tw/catalog/products/AB18128/AB18128@1.jpg,AB18128,清新甜美,溫柔浪漫
327,327,https://image.obdesign.com.tw/catalog/products/FA2050/FA2050@1.jpg,FA2050,簡約質感,大氣優雅
328,328,https://image.obdesign.com.tw/catalog/products/AB18348/AB18348@1.jpg,AB18348,,
329,329,https://image.obdesign.com.tw/catalog/products/BA6897/BA6897@1.jpg,BA6897,率性休閒,清新甜美
330,330,https://image.obdesign.com.tw/catalog/products/KB1405/KB1405@1.jpg,KB1405,清新甜美,
331,331,https://image.obdesign.com.tw/catalog/products/AB18224/AB18224@1.jpg,AB18224,率性休閒,清新甜美
332,332,https://image.obdesign.com.tw/catalog/products/FA2698/FA2698@1.jpg,FA2698,簡約質感,態度個性
333,333,https://image.obdesign.com.tw/catalog/products/AB17567/AB17567@1.jpg,AB17567,率性休閒,態度個性
334,334,https://image.obdesign.com.tw/catalog/products/BA6907/BA6907@1.jpg,BA6907,率性休閒,簡約質感
335,335,https://image.obdesign.com.tw/catalog/products/DA9517/DA9517@1.jpg,DA9517,簡約質感,大氣優雅
336,336,https://image.obdesign.com.tw/catalog/products/BA7086/BA7086@1.jpg,BA7086,率性休閒,簡約質感
337,337,https://image.obdesign.com.tw/catalog/products/AB18012/AB18012@1.jpg,AB18012,簡約質感,性感迷人
338,338,https://image.obdesign.com.tw/catalog/products/DA9408/DA9408@1.jpg,DA9408,清新甜美,溫柔浪漫
339,339,https://image.obdesign.com.tw/catalog/products/AB17330/AB17330@1.jpg,AB17330,率性休閒,態度個性
340,340,https://image.obdesign.com.tw/catalog/products/DA9552/DA9552@1.jpg,DA9552,簡約質感,大氣優雅
341,341,https://image.obdesign.com.tw/catalog/products/FA2677/FA2677@1.jpg,FA2677,簡約質感,性感迷人
342,342,https://image.obdesign.com.tw/catalog/products/AB17835/AB17835@1.jpg,AB17835,率性休閒,態度個性
343,343,https://image.obdesign.com.tw/catalog/products/DA9550/DA9550@1.jpg,DA9550,簡約質感,
344,344,https://image.obdesign.com.tw/catalog/products/BA7004/BA7004@1.jpg,BA7004,清新甜美,溫柔浪漫
345,345,https://image.obdesign.com.tw/catalog/products/DA9578/DA9578@1.jpg,DA9578,簡約質感,大氣優雅
346,346,https://image.obdesign.com.tw/catalog/products/FA2686/FA2686@1.jpg,FA2686,清新甜美,溫柔浪漫
347,347,https://image.obdesign.com.tw/catalog/products/FA2696/FA2696@1.jpg,FA2696,簡約質感,大氣優雅
348,348,https://image.obdesign.com.tw/catalog/products/AB18011/AB18011@1.jpg,AB18011,簡約質感,性感迷人
349,349,https://image.obdesign.com.tw/catalog/products/FA1732/FA1732@1.jpg,FA1732,簡約質感,大氣優雅
350,350,https://image.obdesign.com.tw/catalog/products/BA6495/BA6495@1.jpg,BA6495,率性休閒,簡約質感
351,351,https://image.obdesign.com.tw/catalog/products/EA3479/EA3479@1.jpg,EA3479,率性休閒,態度個性
352,352,https://image.obdesign.com.tw/catalog/products/AB16177/AB16177@1.jpg,AB16177,率性休閒,清新甜美
353,353,https://image.obdesign.com.tw/catalog/products/EA3443/EA3443@1.jpg,EA3443,率性休閒,態度個性
354,354,https://image.obdesign.com.tw/catalog/products/AB18050/AB18050@1.jpg,AB18050,率性休閒,簡約質感
355,355,https://image.obdesign.com.tw/catalog/products/KS1084/KS1084@1.jpg,KS1084,其他,性感迷人
356,356,https://image.obdesign.com.tw/catalog/products/BA7066/BA7066@1.jpg,BA7066,率性休閒,清新甜美
357,357,https://image.obdesign.com.tw/catalog/products/AB17935/AB17935@1.jpg,AB17935,簡約質感,都會輕熟
358,358,https://image.obdesign.com.tw/catalog/products/KL1436/KL1436@1.jpg,KL1436,率性休閒,簡約質感
359,359,https://image.obdesign.com.tw/catalog/products/DA8909/DA8909@1.jpg,DA8909,清新甜美,溫柔浪漫
360,360,https://image.obdesign.com.tw/catalog/products/AB17972/AB17972@1.jpg,AB17972,清新甜美,溫柔浪漫
361,361,https://image.obdesign.com.tw/catalog/products/DA9412/DA9412@1.jpg,DA9412,率性休閒,態度個性
362,362,https://image.obdesign.com.tw/catalog/products/KL1523/KL1523@1.jpg,KL1523,率性休閒,態度個性
363,363,https://image.obdesign.com.tw/catalog/products/KS1049/KS1049@1.jpg,KS1049,率性休閒,其他
364,364,https://image.obdesign.com.tw/catalog/products/BA7039/BA7039@1.jpg,BA7039,清新甜美,溫柔浪漫
365,365,https://image.obdesign.com.tw/catalog/products/AB18237/AB18237@1.jpg,AB18237,,
366,366,https://image.obdesign.com.tw/catalog/products/CA2650/CA2650@1.jpg,CA2650,率性休閒,態度個性
367,367,https://image.obdesign.com.tw/catalog/products/KL1554/KL1554@1.jpg,KL1554,,
368,368,https://image.obdesign.com.tw/catalog/products/BA7008/BA7008@1.jpg,BA7008,率性休閒,簡約質感
369,369,https://image.obdesign.com.tw/catalog/products/AB17574/AB17574@1.jpg,AB17574,簡約質感,都會輕熟
370,370,https://image.obdesign.com.tw/catalog/products/QA1566/QA1566@1.jpg,QA1566,,
371,371,https://image.obdesign.com.tw/catalog/products/CA2691/CA2691@1.jpg,CA2691,清新甜美,溫柔浪漫
372,372,https://image.obdesign.com.tw/catalog/products/CA2701/CA2701@1.jpg,CA2701,率性休閒,態度個性
373,373,https://image.obdesign.com.tw/catalog/products/BA6939/BA6939@1.jpg,BA6939,率性休閒,性感迷人
374,374,https://image.obdesign.com.tw/catalog/products/AB17620/AB17620@1.jpg,AB17620,率性休閒,簡約質感
375,375,https://image.obdesign.com.tw/catalog/products/AB16318/AB16318@1.jpg,AB16318,清新甜美,溫柔浪漫
376,376,https://image.obdesign.com.tw/catalog/products/KL1517/KL1517@1.jpg,KL1517,率性休閒,簡約質感
377,377,https://image.obdesign.com.tw/catalog/products/AB17642/AB17642@1.jpg,AB17642,溫柔浪漫,大氣優雅
378,378,https://image.obdesign.com.tw/catalog/products/EA3374/EA3374@1.jpg,EA3374,清新甜美,溫柔浪漫
379,379,https://image.obdesign.com.tw/catalog/products/CA2703/CA2703@1.jpg,CA2703,率性休閒,態度個性
380,380,https://image.obdesign.com.tw/catalog/products/KL1479/KL1479@1.jpg,KL1479,率性休閒,簡約質感
381,381,https://image.obdesign.com.tw/catalog/products/AB17462/AB17462@1.jpg,AB17462,清新甜美,溫柔浪漫
382,382,https://image.obdesign.com.tw/catalog/products/KS1082/KS1082@1.jpg,KS1082,率性休閒,態度個性
383,383,https://image.obdesign.com.tw/catalog/products/AB17573/AB17573@1.jpg,AB17573,簡約質感,清新甜美
384,384,https://image.obdesign.com.tw/catalog/products/KS1060/KS1060@1.jpg,KS1060,率性休閒,簡約質感
385,385,https://image.obdesign.com.tw/catalog/products/FA2622/FA2622@1.jpg,FA2622,清新甜美,溫柔浪漫
386,386,https://image.obdesign.com.tw/catalog/products/AB17645/AB17645@1.jpg,AB17645,清新甜美,溫柔浪漫
387,387,https://image.obdesign.com.tw/catalog/products/EA3424/EA3424@1.jpg,EA3424,率性休閒,清新甜美
388,388,https://image.obdesign.com.tw/catalog/products/BA6967/BA6967@1.jpg,BA6967,率性休閒,簡約質感
389,389,https://image.obdesign.com.tw/catalog/products/FA2572/FA2572@1.jpg,FA2572,簡約質感,都會輕熟
390,390,https://image.obdesign.com.tw/catalog/products/AB17802/AB17802@1.jpg,AB17802,率性休閒,態度個性
391,391,https://image.obdesign.com.tw/catalog/products/AB18157/AB18157@1.jpg,AB18157,慵懶度假,性感迷人
392,392,https://image.obdesign.com.tw/catalog/products/BA6949/BA6949@1.jpg,BA6949,率性休閒,清新甜美
393,393,https://image.obdesign.com.tw/catalog/products/AB18153/AB18153@1.jpg,AB18153,清新甜美,溫柔浪漫
394,394,https://image.obdesign.com.tw/catalog/products/FA2657/FA2657@1.jpg,FA2657,簡約質感,溫柔浪漫
395,395,https://image.obdesign.com.tw/catalog/products/KL1480/KL1480@1.jpg,KL1480,率性休閒,簡約質感
396,396,https://image.obdesign.com.tw/catalog/products/KB1422/KB1422@1.jpg,KB1422,清新甜美,溫柔浪漫
397,397,https://image.obdesign.com.tw/catalog/products/DA9554/DA9554@1.jpg,DA9554,清新甜美,溫柔浪漫
398,398,https://image.obdesign.com.tw/catalog/products/EA3381/EA3381@1.jpg,EA3381,率性休閒,態度個性
399,399,https://image.obdesign.com.tw/catalog/products/FA2647/FA2647@1.jpg,FA2647,簡約質感,大氣優雅
400,400,https://image.obdesign.com.tw/catalog/products/AB17674/AB17674@1.jpg,AB17674,率性休閒,清新甜美
401,401,https://image.obdesign.com.tw/catalog/products/FA2608/FA2608@1.jpg,FA2608,清新甜美,溫柔浪漫
402,402,https://image.obdesign.com.tw/catalog/products/BA3131/BA3131@1.jpg,BA3131,簡約質感,
403,403,https://image.obdesign.com.tw/catalog/products/AB17873/AB17873@1.jpg,AB17873,率性休閒,態度個性
404,404,https://image.obdesign.com.tw/catalog/products/CA2698/CA2698@1.jpg,CA2698,簡約質感,大氣優雅
405,405,https://image.obdesign.com.tw/catalog/products/FA2599/FA2599@1.jpg,FA2599,清新甜美,溫柔浪漫
406,406,https://image.obdesign.com.tw/catalog/products/AB17524/AB17524@1.jpg,AB17524,率性休閒,大氣優雅
407,407,https://image.obdesign.com.tw/catalog/products/AB17637/AB17637@1.jpg,AB17637,率性休閒,態度個性
408,408,https://image.obdesign.com.tw/catalog/products/DA9474/DA9474@1.jpg,DA9474,簡約質感,慵懶度假
409,409,https://image.obdesign.com.tw/catalog/products/DA9564/DA9564@1.jpg,DA9564,簡約質感,溫柔浪漫
410,410,https://image.obdesign.com.tw/catalog/products/AB17923/AB17923@1.jpg,AB17923,率性休閒,
411,411,https://image.obdesign.com.tw/catalog/products/FA2620/FA2620@1.jpg,FA2620,清新甜美,溫柔浪漫
412,412,https://image.obdesign.com.tw/catalog/products/EA3384/EA3384@1.jpg,EA3384,率性休閒,態度個性
413,413,https://image.obdesign.com.tw/catalog/products/BA7080/BA7080@1.jpg,BA7080,,
414,414,https://image.obdesign.com.tw/catalog/products/AB16336/AB16336@1.jpg,AB16336,率性休閒,簡約質感
415,415,https://image.obdesign.com.tw/catalog/products/AB17996/AB17996@1.jpg,AB17996,清新甜美,溫柔浪漫
416,416,https://image.obdesign.com.tw/catalog/products/KL1489/KL1489@1.jpg,KL1489,率性休閒,態度個性
417,417,https://image.obdesign.com.tw/catalog/products/BA6919/BA6919@1.jpg,BA6919,率性休閒,性感迷人
418,418,https://image.obdesign.com.tw/catalog/products/AB17580/AB17580@1.jpg,AB17580,清新甜美,溫柔浪漫
419,419,https://image.obdesign.com.tw/catalog/products/BA6941/BA6941@1.jpg,BA6941,率性休閒,清新甜美
420,420,https://image.obdesign.com.tw/catalog/products/CA2656/CA2656@1.jpg,CA2656,簡約質感,大氣優雅
421,421,https://image.obdesign.com.tw/catalog/products/AB17739/AB17739@1.jpg,AB17739,率性休閒,簡約質感
422,422,https://image.obdesign.com.tw/catalog/products/AB18231/AB18231@1.jpg,AB18231,,
423,423,https://image.obdesign.com.tw/catalog/products/AB17648/AB17648@1.jpg,AB17648,率性休閒,清新甜美
424,424,https://image.obdesign.com.tw/catalog/products/DA9580/DA9580@1.jpg,DA9580,清新甜美,溫柔浪漫
425,425,https://image.obdesign.com.tw/catalog/products/EA3358/EA3358@1.jpg,EA3358,率性休閒,簡約質感
426,426,https://image.obdesign.com.tw/catalog/products/DA9411/DA9411@1.jpg,DA9411,,
427,427,https://image.obdesign.com.tw/catalog/products/BA6881/BA6881@1.jpg,BA6881,率性休閒,態度個性
428,428,https://image.obdesign.com.tw/catalog/products/AB17630/AB17630@1.jpg,AB17630,溫柔浪漫,慵懶度假
429,429,https://image.obdesign.com.tw/catalog/products/AB18145/AB18145@1.jpg,AB18145,率性休閒,簡約質感
430,430,https://image.obdesign.com.tw/catalog/products/KG1455/KG1455@1.jpg,KG1455,率性休閒,清新甜美
431,431,https://image.obdesign.com.tw/catalog/products/AB18106/AB18106@1.jpg,AB18106,率性休閒,態度個性
432,432,https://image.obdesign.com.tw/catalog/products/KS1086/KS1086@1.jpg,KS1086,率性休閒,簡約質感
433,433,https://image.obdesign.com.tw/catalog/products/FA2588/FA2588@1.jpg,FA2588,清新甜美,溫柔浪漫
434,434,https://image.obdesign.com.tw/catalog/products/DA9478/DA9478@1.jpg,DA9478,簡約質感,大氣優雅
435,435,https://image.obdesign.com.tw/catalog/products/DA8980/DA8980@1.jpg,DA8980,簡約質感,都會輕熟
436,436,https://image.obdesign.com.tw/catalog/products/EA3396/EA3396@1.jpg,EA3396,簡約質感,都會輕熟
437,437,https://image.obdesign.com.tw/catalog/products/BA7035/BA7035@1.jpg,BA7035,率性休閒,清新甜美
438,438,https://image.obdesign.com.tw/catalog/products/GA534/GA534@1.jpg,GA534,率性休閒,性感迷人
439,439,https://image.obdesign.com.tw/catalog/products/FA2574/FA2574@1.jpg,FA2574,率性休閒,慵懶度假
440,440,https://image.obdesign.com.tw/catalog/products/BA6963/BA6963@1.jpg,BA6963,率性休閒,簡約質感
441,441,https://image.obdesign.com.tw/catalog/products/AB18009/AB18009@1.jpg,AB18009,清新甜美,溫柔浪漫
442,442,https://image.obdesign.com.tw/catalog/products/DA9549/DA9549@1.jpg,DA9549,簡約質感,溫柔浪漫
443,443,https://image.obdesign.com.tw/catalog/products/DA9551/DA9551@1.jpg,DA9551,簡約質感,溫柔浪漫
444,444,https://image.obdesign.com.tw/catalog/products/AB16325/AB16325@1.jpg,AB16325,清新甜美,溫柔浪漫
445,445,https://image.obdesign.com.tw/catalog/products/CA2669/CA2669@1.jpg,CA2669,簡約質感,大氣優雅
446,446,https://image.obdesign.com.tw/catalog/products/DA9465/DA9465@1.jpg,DA9465,率性休閒,簡約質感
447,447,https://image.obdesign.com.tw/catalog/products/CA2705/CA2705@1.jpg,CA2705,簡約質感,大氣優雅
448,448,https://image.obdesign.com.tw/catalog/products/AB17521/AB17521@1.jpg,AB17521,清新甜美,溫柔浪漫
449,449,https://image.obdesign.com.tw/catalog/products/AB16673/AB16673@1.jpg,AB16673,簡約質感,
450,450,https://image.obdesign.com.tw/catalog/products/FA2703/FA2703@1.jpg,FA2703,率性休閒,簡約質感
451,451,https://image.obdesign.com.tw/catalog/products/AB17990/AB17990@1.jpg,AB17990,率性休閒,態度個性
452,452,https://image.obdesign.com.tw/catalog/products/QA1536/QA1536@1.jpg,QA1536,率性休閒,清新甜美
453,453,https://image.obdesign.com.tw/catalog/products/DA9514/DA9514@1.jpg,DA9514,簡約質感,溫柔浪漫
454,454,https://image.obdesign.com.tw/catalog/products/DA9555/DA9555@1.jpg,DA9555,清新甜美,溫柔浪漫
455,455,https://image.obdesign.com.tw/catalog/products/DA9573/DA9573@1.jpg,DA9573,簡約質感,大氣優雅
456,456,https://image.obdesign.com.tw/catalog/products/BA6852/BA6852@1.jpg,BA6852,簡約質感,大氣優雅
457,457,https://image.obdesign.com.tw/catalog/products/EA3373/EA3373@1.jpg,EA3373,率性休閒,清新甜美
458,458,https://image.obdesign.com.tw/catalog/products/AB17931/AB17931@1.jpg,AB17931,清新甜美,溫柔浪漫
459,459,https://image.obdesign.com.tw/catalog/products/BA6982/BA6982@1.jpg,BA6982,率性休閒,清新甜美
460,460,https://image.obdesign.com.tw/catalog/products/AB17608/AB17608@1.jpg,AB17608,簡約質感,大氣優雅
461,461,https://image.obdesign.com.tw/catalog/products/BA6940/BA6940@1.jpg,BA6940,率性休閒,清新甜美
462,462,https://image.obdesign.com.tw/catalog/products/AB17763/AB17763@1.jpg,AB17763,率性休閒,
463,463,https://image.obdesign.com.tw/catalog/products/DA9433/DA9433@1.jpg,DA9433,率性休閒,簡約質感
464,464,https://image.obdesign.com.tw/catalog/products/KG1413/KG1413@1.jpg,KG1413,率性休閒,
465,465,https://image.obdesign.com.tw/catalog/products/AB17565/AB17565@1.jpg,AB17565,率性休閒,態度個性
466,466,https://image.obdesign.com.tw/catalog/products/BA6972/BA6972@1.jpg,BA6972,率性休閒,態度個性
467,467,https://image.obdesign.com.tw/catalog/products/CA2714/CA2714@1.jpg,CA2714,簡約質感,溫柔浪漫
468,468,https://image.obdesign.com.tw/catalog/products/DA9537/DA9537@1.jpg,DA9537,簡約質感,性感迷人
469,469,https://image.obdesign.com.tw/catalog/products/AB17941/AB17941@1.jpg,AB17941,清新甜美,溫柔浪漫
470,470,https://image.obdesign.com.tw/catalog/products/QA1597/QA1597@1.jpg,QA1597,率性休閒,
471,471,https://image.obdesign.com.tw/catalog/products/FA2639/FA2639@1.jpg,FA2639,簡約質感,慵懶度假
472,472,https://image.obdesign.com.tw/catalog/products/AB17752/AB17752@1.jpg,AB17752,率性休閒,簡約質感
473,473,https://image.obdesign.com.tw/catalog/products/DA9556/DA9556@1.jpg,DA9556,簡約質感,大氣優雅
474,474,https://image.obdesign.com.tw/catalog/products/CA2635/CA2635@1.jpg,CA2635,率性休閒,態度個性
475,475,https://image.obdesign.com.tw/catalog/products/BA6839/BA6839@1.jpg,BA6839,清新甜美,溫柔浪漫
476,476,https://image.obdesign.com.tw/catalog/products/FA2717/FA2717@1.jpg,FA2717,率性休閒,清新甜美
477,477,https://image.obdesign.com.tw/catalog/products/FA2730/FA2730@1.jpg,FA2730,,
478,478,https://image.obdesign.com.tw/catalog/products/DA9384/DA9384@1.jpg,DA9384,簡約質感,大氣優雅
479,479,https://image.obdesign.com.tw/catalog/products/DA9547/DA9547@1.jpg,DA9547,簡約質感,溫柔浪漫
480,480,https://image.obdesign.com.tw/catalog/products/KS1053/KS1053@1.jpg,KS1053,率性休閒,簡約質感
481,481,https://image.obdesign.com.tw/catalog/products/BA7038/BA7038@1.jpg,BA7038,簡約質感,性感迷人
482,482,https://image.obdesign.com.tw/catalog/products/AB16529/AB16529@1.jpg,AB16529,簡約質感,溫柔浪漫
483,483,https://image.obdesign.com.tw/catalog/products/DA9511/DA9511@1.jpg,DA9511,清新甜美,溫柔浪漫
484,484,https://image.obdesign.com.tw/catalog/products/FA2658/FA2658@1.jpg,FA2658,清新甜美,溫柔浪漫
485,485,https://image.obdesign.com.tw/catalog/products/AB18175/AB18175@1.jpg,AB18175,簡約質感,慵懶度假
486,486,https://image.obdesign.com.tw/catalog/products/AB17807/AB17807@1.jpg,AB17807,率性休閒,簡約質感
487,487,https://image.obdesign.com.tw/catalog/products/AB17493/AB17493@1.jpg,AB17493,清新甜美,溫柔浪漫
488,488,https://image.obdesign.com.tw/catalog/products/EA3427/EA3427@1.jpg,EA3427,簡約質感,大氣優雅
489,489,https://image.obdesign.com.tw/catalog/products/DA9628/DA9628@1.jpg,DA9628,,
490,490,https://image.obdesign.com.tw/catalog/products/FA2598/FA2598@1.jpg,FA2598,率性休閒,態度個性
491,491,https://image.obdesign.com.tw/catalog/products/AB17749/AB17749@1.jpg,AB17749,率性休閒,簡約質感
492,492,https://image.obdesign.com.tw/catalog/products/AB16768/AB16768@1.jpg,AB16768,清新甜美,溫柔浪漫
493,493,https://image.obdesign.com.tw/catalog/products/KL1429/KL1429@1.jpg,KL1429,率性休閒,態度個性
494,494,https://image.obdesign.com.tw/catalog/products/BA6953/BA6953@1.jpg,BA6953,率性休閒,清新甜美
495,495,https://image.obdesign.com.tw/catalog/products/KL1484/KL1484@1.jpg,KL1484,率性休閒,都會輕熟
496,496,https://image.obdesign.com.tw/catalog/products/AB18173/AB18173@1.jpg,AB18173,清新甜美,溫柔浪漫
497,497,https://image.obdesign.com.tw/catalog/products/KS1079/KS1079@1.jpg,KS1079,率性休閒,態度個性
498,498,https://image.obdesign.com.tw/catalog/products/AB18200/AB18200@1.jpg,AB18200,清新甜美,溫柔浪漫
499,499,https://image.obdesign.com.tw/catalog/products/DA8945/DA8945@1.jpg,DA8945,溫柔浪漫,大氣優雅
500,500,https://image.obdesign.com.tw/catalog/products/KL1395/KL1395@1.jpg,KL1395,率性休閒,態度個性
501,501,https://image.obdesign.com.tw/catalog/products/AB17801/AB17801@1.jpg,AB17801,率性休閒,簡約質感
502,502,https://image.obdesign.com.tw/catalog/products/QA1524/QA1524@1.jpg,QA1524,率性休閒,
503,503,https://image.obdesign.com.tw/catalog/products/KL1552/KL1552@1.jpg,KL1552,,
504,504,https://image.obdesign.com.tw/catalog/products/AB18163/AB18163@1.jpg,AB18163,清新甜美,溫柔浪漫
505,505,https://image.obdesign.com.tw/catalog/products/KB1412/KB1412@1.jpg,KB1412,清新甜美,
506,506,https://image.obdesign.com.tw/catalog/products/AB17905/AB17905@1.jpg,AB17905,簡約質感,大氣優雅
507,507,https://image.obdesign.com.tw/catalog/products/DA9457/DA9457@1.jpg,DA9457,率性休閒,簡約質感
508,508,https://image.obdesign.com.tw/catalog/products/BA6826/BA6826@1.jpg,BA6826,率性休閒,簡約質感
509,509,https://image.obdesign.com.tw/catalog/products/AB18174/AB18174@1.jpg,AB18174,清新甜美,溫柔浪漫
510,510,https://image.obdesign.com.tw/catalog/products/EA3398/EA3398@1.jpg,EA3398,率性休閒,簡約質感
511,511,https://image.obdesign.com.tw/catalog/products/BA6879/BA6879@1.jpg,BA6879,率性休閒,態度個性
512,512,https://image.obdesign.com.tw/catalog/products/DA9548/DA9548@1.jpg,DA9548,清新甜美,溫柔浪漫
513,513,https://image.obdesign.com.tw/catalog/products/BA7033/BA7033@1.jpg,BA7033,簡約質感,
514,514,https://image.obdesign.com.tw/catalog/products/AB17686/AB17686@1.jpg,AB17686,都會輕熟,大氣優雅
515,515,https://image.obdesign.com.tw/catalog/products/CA2662/CA2662@1.jpg,CA2662,清新甜美,溫柔浪漫
516,516,https://image.obdesign.com.tw/catalog/products/DA9385/DA9385@1.jpg,DA9385,清新甜美,慵懶度假
517,517,https://image.obdesign.com.tw/catalog/products/FA2623/FA2623@1.jpg,FA2623,簡約質感,溫柔浪漫
518,518,https://image.obdesign.com.tw/catalog/products/BA6922/BA6922@1.jpg,BA6922,率性休閒,簡約質感
519,519,https://image.obdesign.com.tw/catalog/products/BA6851/BA6851@1.jpg,BA6851,簡約質感,大氣優雅
520,520,https://image.obdesign.com.tw/catalog/products/FA2514/FA2514@1.jpg,FA2514,,
521,521,https://image.obdesign.com.tw/catalog/products/HB0084/HB0084@1.jpg,HB0084,簡約質感,慵懶度假
522,522,https://image.obdesign.com.tw/catalog/products/AB17865/AB17865@1.jpg,AB17865,率性休閒,簡約質感
523,523,https://image.obdesign.com.tw/catalog/products/KL1425/KL1425@1.jpg,KL1425,率性休閒,其他
524,524,https://image.obdesign.com.tw/catalog/products/AB18074/AB18074@1.jpg,AB18074,簡約質感,
525,525,https://image.obdesign.com.tw/catalog/products/AB17480/AB17480@1.jpg,AB17480,清新甜美,溫柔浪漫
526,526,https://image.obdesign.com.tw/catalog/products/CA2632/CA2632@1.jpg,CA2632,率性休閒,態度個性
527,527,https://image.obdesign.com.tw/catalog/products/AB17606/AB17606@1.jpg,AB17606,率性休閒,清新甜美
528,528,https://image.obdesign.com.tw/catalog/products/EA3360/EA3360@1.jpg,EA3360,率性休閒,態度個性
529,529,https://image.obdesign.com.tw/catalog/products/KL1457/KL1457@1.jpg,KL1457,率性休閒,態度個性
530,530,https://image.obdesign.com.tw/catalog/products/ZC2749/ZC2749@1.jpg,ZC2749,率性休閒,態度個性
531,531,https://image.obdesign.com.tw/catalog/products/CA2657/CA2657@1.jpg,CA2657,率性休閒,態度個性
532,532,https://image.obdesign.com.tw/catalog/products/KB1414/KB1414@1.jpg,KB1414,清新甜美,溫柔浪漫
533,533,https://image.obdesign.com.tw/catalog/products/AB16002/AB16002@1.jpg,AB16002,簡約質感,溫柔浪漫
534,534,https://image.obdesign.com.tw/catalog/products/AB17902/AB17902@1.jpg,AB17902,率性休閒,
535,535,https://image.obdesign.com.tw/catalog/products/DA9530/DA9530@1.jpg,DA9530,清新甜美,溫柔浪漫
536,536,https://image.obdesign.com.tw/catalog/products/BA6979/BA6979@1.jpg,BA6979,率性休閒,清新甜美
537,537,https://image.obdesign.com.tw/catalog/products/AB18130/AB18130@1.jpg,AB18130,清新甜美,溫柔浪漫
538,538,https://image.obdesign.com.tw/catalog/products/AB18126/AB18126@1.jpg,AB18126,清新甜美,溫柔浪漫
539,539,https://image.obdesign.com.tw/catalog/products/DA9378/DA9378@1.jpg,DA9378,率性休閒,態度個性
540,540,https://image.obdesign.com.tw/catalog/products/DA9565/DA9565@1.jpg,DA9565,率性休閒,清新甜美
541,541,https://image.obdesign.com.tw/catalog/products/AB18019/AB18019@1.jpg,AB18019,簡約質感,性感迷人
542,542,https://image.obdesign.com.tw/catalog/products/DA9395/DA9395@1.jpg,DA9395,率性休閒,清新甜美
543,543,https://image.obdesign.com.tw/catalog/products/BA7042/BA7042@1.jpg,BA7042,,
544,544,https://image.obdesign.com.tw/catalog/products/AB17495/AB17495@1.jpg,AB17495,簡約質感,大氣優雅
545,545,https://image.obdesign.com.tw/catalog/products/AB17969/AB17969@1.jpg,AB17969,簡約質感,都會輕熟
546,546,https://image.obdesign.com.tw/catalog/products/AB17938/AB17938@1.jpg,AB17938,率性休閒,簡約質感
547,547,https://image.obdesign.com.tw/catalog/products/AB18013/AB18013@1.jpg,AB18013,率性休閒,態度個性
548,548,https://image.obdesign.com.tw/catalog/products/FA2578/FA2578@1.jpg,FA2578,率性休閒,簡約質感
549,549,https://image.obdesign.com.tw/catalog/products/EA3425/EA3425@1.jpg,EA3425,清新甜美,溫柔浪漫
550,550,https://image.obdesign.com.tw/catalog/products/BA6990/BA6990@1.jpg,BA6990,簡約質感,都會輕熟
551,551,https://image.obdesign.com.tw/catalog/products/AB18101/AB18101@1.jpg,AB18101,清新甜美,溫柔浪漫
552,552,https://image.obdesign.com.tw/catalog/products/FA2694/FA2694@1.jpg,FA2694,,
553,553,https://image.obdesign.com.tw/catalog/products/CA2643/CA2643@1.jpg,CA2643,,
554,554,https://image.obdesign.com.tw/catalog/products/FA2704/FA2704@1.jpg,FA2704,清新甜美,溫柔浪漫
555,555,https://image.obdesign.com.tw/catalog/products/AB17689/AB17689@1.jpg,AB17689,率性休閒,態度個性
556,556,https://image.obdesign.com.tw/catalog/products/AB17536/AB17536@1.jpg,AB17536,率性休閒,簡約質感
557,557,https://image.obdesign.com.tw/catalog/products/AB17600/AB17600@1.jpg,AB17600,簡約質感,大氣優雅
558,558,https://image.obdesign.com.tw/catalog/products/KL1481/KL1481@1.jpg,KL1481,率性休閒,態度個性
559,559,https://image.obdesign.com.tw/catalog/products/AB18213/AB18213@1.jpg,AB18213,簡約質感,慵懶度假
560,560,https://image.obdesign.com.tw/catalog/products/BA6995/BA6995@1.jpg,BA6995,簡約質感,大氣優雅
561,561,https://image.obdesign.com.tw/catalog/products/AB17883/AB17883@1.jpg,AB17883,簡約質感,清新甜美
562,562,https://image.obdesign.com.tw/catalog/products/AB17877/AB17877@1.jpg,AB17877,率性休閒,清新甜美
563,563,https://image.obdesign.com.tw/catalog/products/AB18194/AB18194@1.jpg,AB18194,,
564,564,https://image.obdesign.com.tw/catalog/products/KS1075/KS1075@1.jpg,KS1075,簡約質感,性感迷人
565,565,https://image.obdesign.com.tw/catalog/products/EA3419/EA3419@1.jpg,EA3419,率性休閒,簡約質感
566,566,https://image.obdesign.com.tw/catalog/products/AB18021/AB18021@1.jpg,AB18021,清新甜美,溫柔浪漫
567,567,https://image.obdesign.com.tw/catalog/products/EA3429/EA3429@1.jpg,EA3429,率性休閒,簡約質感
568,568,https://image.obdesign.com.tw/catalog/products/AB17737/AB17737@1.jpg,AB17737,清新甜美,溫柔浪漫
569,569,https://image.obdesign.com.tw/catalog/products/BA6908/BA6908@1.jpg,BA6908,簡約質感,都會輕熟
570,570,https://image.obdesign.com.tw/catalog/products/AB18059/AB18059@1.jpg,AB18059,簡約質感,性感迷人
571,571,https://image.obdesign.com.tw/catalog/products/MA0552/MA0552@1.jpg,MA0552,簡約質感,大氣優雅
572,572,https://image.obdesign.com.tw/catalog/products/EA3204/EA3204@1.jpg,EA3204,溫柔浪漫,大氣優雅
573,573,https://image.obdesign.com.tw/catalog/products/AB18215/AB18215@1.jpg,AB18215,率性休閒,性感迷人
574,574,https://image.obdesign.com.tw/catalog/products/DA9516/DA9516@1.jpg,DA9516,簡約質感,
575,575,https://image.obdesign.com.tw/catalog/products/DA9442/DA9442@1.jpg,DA9442,率性休閒,清新甜美
576,576,https://image.obdesign.com.tw/catalog/products/AB17993/AB17993@1.jpg,AB17993,清新甜美,溫柔浪漫
577,577,https://image.obdesign.com.tw/catalog/products/AB18062/AB18062@1.jpg,AB18062,簡約質感,性感迷人
578,578,https://image.obdesign.com.tw/catalog/products/AB17756/AB17756@1.jpg,AB17756,率性休閒,簡約質感
579,579,https://image.obdesign.com.tw/catalog/products/BA6986/BA6986@1.jpg,BA6986,率性休閒,清新甜美
580,580,https://image.obdesign.com.tw/catalog/products/CA2660/CA2660@1.jpg,CA2660,率性休閒,態度個性
581,581,https://image.obdesign.com.tw/catalog/products/CA2525/CA2525@1.jpg,CA2525,簡約質感,大氣優雅
582,582,https://image.obdesign.com.tw/catalog/products/FA2607/FA2607@1.jpg,FA2607,清新甜美,溫柔浪漫
583,583,https://image.obdesign.com.tw/catalog/products/AB18008/AB18008@1.jpg,AB18008,清新甜美,溫柔浪漫
584,584,https://image.obdesign.com.tw/catalog/products/AB17661/AB17661@1.jpg,AB17661,率性休閒,簡約質感
585,585,https://image.obdesign.com.tw/catalog/products/DA9454/DA9454@1.jpg,DA9454,清新甜美,溫柔浪漫
586,586,https://image.obdesign.com.tw/catalog/products/AB17511/AB17511@1.jpg,AB17511,清新甜美,溫柔浪漫
587,587,https://image.obdesign.com.tw/catalog/products/CA2633/CA2633@1.jpg,CA2633,率性休閒,簡約質感
588,588,https://image.obdesign.com.tw/catalog/products/BA6987/BA6987@1.jpg,BA6987,簡約質感,都會輕熟
589,589,https://image.obdesign.com.tw/catalog/products/AB17866/AB17866@1.jpg,AB17866,簡約質感,溫柔浪漫
590,590,https://image.obdesign.com.tw/catalog/products/AB18095/AB18095@1.jpg,AB18095,清新甜美,溫柔浪漫
591,591,https://image.obdesign.com.tw/catalog/products/AB18026/AB18026@1.jpg,AB18026,率性休閒,簡約質感
592,592,https://image.obdesign.com.tw/catalog/products/AB17533/AB17533@1.jpg,AB17533,清新甜美,溫柔浪漫
593,593,https://image.obdesign.com.tw/catalog/products/FA2627/FA2627@1.jpg,FA2627,清新甜美,溫柔浪漫
594,594,https://image.obdesign.com.tw/catalog/products/FA2718/FA2718@1.jpg,FA2718,,
595,595,https://image.obdesign.com.tw/catalog/products/AB17517/AB17517@1.jpg,AB17517,清新甜美,溫柔浪漫
596,596,https://image.obdesign.com.tw/catalog/products/DA9566/DA9566@1.jpg,DA9566,,
597,597,https://image.obdesign.com.tw/catalog/products/AB17891/AB17891@1.jpg,AB17891,簡約質感,都會輕熟
598,598,https://image.obdesign.com.tw/catalog/products/AB17913/AB17913@1.jpg,AB17913,簡約質感,都會輕熟
599,599,https://image.obdesign.com.tw/catalog/products/BA7028/BA7028@1.jpg,BA7028,率性休閒,簡約質感
600,600,https://image.obdesign.com.tw/catalog/products/FA2636/FA2636@1.jpg,FA2636,清新甜美,溫柔浪漫
601,601,https://image.obdesign.com.tw/catalog/products/AB17779/AB17779@1.jpg,AB17779,簡約質感,都會輕熟
602,602,https://image.obdesign.com.tw/catalog/products/BA6867/BA6867@1.jpg,BA6867,簡約質感,都會輕熟
603,603,https://image.obdesign.com.tw/catalog/products/BA6880/BA6880@1.jpg,BA6880,率性休閒,態度個性
604,604,https://image.obdesign.com.tw/catalog/products/KG1448/KG1448@1.jpg,KG1448,簡約質感,清新甜美
605,605,https://image.obdesign.com.tw/catalog/products/BA6857/BA6857@1.jpg,BA6857,率性休閒,態度個性
606,606,https://image.obdesign.com.tw/catalog/products/AB18051/AB18051@1.jpg,AB18051,率性休閒,清新甜美
607,607,https://image.obdesign.com.tw/catalog/products/AB18124/AB18124@1.jpg,AB18124,,
608,608,https://image.obdesign.com.tw/catalog/products/AB17906/AB17906@1.jpg,AB17906,率性休閒,態度個性
609,609,https://image.obdesign.com.tw/catalog/products/AB17491/AB17491@1.jpg,AB17491,清新甜美,溫柔浪漫
610,610,https://image.obdesign.com.tw/catalog/products/KL1252/KL1252@1.jpg,KL1252,,
611,611,https://image.obdesign.com.tw/catalog/products/AB17464/AB17464@1.jpg,AB17464,率性休閒,都會輕熟
612,612,https://image.obdesign.com.tw/catalog/products/KG1458/KG1458@1.jpg,KG1458,率性休閒,簡約質感
613,613,https://image.obdesign.com.tw/catalog/products/FA2606/FA2606@1.jpg,FA2606,率性休閒,清新甜美
614,614,https://image.obdesign.com.tw/catalog/products/AB17559/AB17559@1.jpg,AB17559,清新甜美,溫柔浪漫
615,615,https://image.obdesign.com.tw/catalog/products/BA6903/BA6903@1.jpg,BA6903,率性休閒,簡約質感
616,616,https://image.obdesign.com.tw/catalog/products/AB18073/AB18073@1.jpg,AB18073,清新甜美,溫柔浪漫
617,617,https://image.obdesign.com.tw/catalog/products/AB17624/AB17624@1.jpg,AB17624,率性休閒,簡約質感
618,618,https://image.obdesign.com.tw/catalog/products/AB16825/AB16825@1.jpg,AB16825,清新甜美,溫柔浪漫
619,619,https://image.obdesign.com.tw/catalog/products/ZC2732/ZC2732@1.jpg,ZC2732,率性休閒,慵懶度假
620,620,https://image.obdesign.com.tw/catalog/products/AB17528/AB17528@1.jpg,AB17528,清新甜美,溫柔浪漫
621,621,https://image.obdesign.com.tw/catalog/products/EA3394/EA3394@1.jpg,EA3394,簡約質感,大氣優雅
622,622,https://image.obdesign.com.tw/catalog/products/CA2634/CA2634@1.jpg,CA2634,簡約質感,大氣優雅
623,623,https://image.obdesign.com.tw/catalog/products/DA9496/DA9496@1.jpg,DA9496,大氣優雅,性感迷人
624,624,https://image.obdesign.com.tw/catalog/products/FA2653/FA2653@1.jpg,FA2653,簡約質感,都會輕熟
625,625,https://image.obdesign.com.tw/catalog/products/DA9401/DA9401@1.jpg,DA9401,,
626,626,https://image.obdesign.com.tw/catalog/products/BA6900/BA6900@1.jpg,BA6900,率性休閒,清新甜美
627,627,https://image.obdesign.com.tw/catalog/products/AB17753/AB17753@1.jpg,AB17753,率性休閒,簡約質感
628,628,https://image.obdesign.com.tw/catalog/products/BA6902/BA6902@1.jpg,BA6902,率性休閒,簡約質感
629,629,https://image.obdesign.com.tw/catalog/products/AB17859/AB17859@1.jpg,AB17859,清新甜美,溫柔浪漫
630,630,https://image.obdesign.com.tw/catalog/products/AB17640/AB17640@1.jpg,AB17640,率性休閒,態度個性
631,631,https://image.obdesign.com.tw/catalog/products/AB17834/AB17834@1.jpg,AB17834,清新甜美,溫柔浪漫
632,632,https://image.obdesign.com.tw/catalog/products/BA6904/BA6904@1.jpg,BA6904,率性休閒,簡約質感
633,633,https://image.obdesign.com.tw/catalog/products/FA1528/FA1528@1.jpg,FA1528,率性休閒,清新甜美
634,634,https://image.obdesign.com.tw/catalog/products/FA2655/FA2655@1.jpg,FA2655,清新甜美,溫柔浪漫
635,635,https://image.obdesign.com.tw/catalog/products/DA9601/DA9601@1.jpg,DA9601,清新甜美,溫柔浪漫
636,636,https://image.obdesign.com.tw/catalog/products/KL1474/KL1474@1.jpg,KL1474,率性休閒,其他
637,637,https://image.obdesign.com.tw/catalog/products/AB17856/AB17856@1.jpg,AB17856,溫柔浪漫,大氣優雅
638,638,https://image.obdesign.com.tw/catalog/products/AB17578/AB17578@1.jpg,AB17578,率性休閒,態度個性
639,639,https://image.obdesign.com.tw/catalog/products/BA7108/BA7108@1.jpg,BA7108,,
640,640,https://image.obdesign.com.tw/catalog/products/KL1460/KL1460@1.jpg,KL1460,率性休閒,都會輕熟
641,641,https://image.obdesign.com.tw/catalog/products/DA9558/DA9558@1.jpg,DA9558,清新甜美,溫柔浪漫
642,642,https://image.obdesign.com.tw/catalog/products/AB18147/AB18147@1.jpg,AB18147,簡約質感,
643,643,https://image.obdesign.com.tw/catalog/products/BA6934/BA6934@1.jpg,BA6934,率性休閒,態度個性
644,644,https://image.obdesign.com.tw/catalog/products/AB17829/AB17829@1.jpg,AB17829,清新甜美,溫柔浪漫
645,645,https://image.obdesign.com.tw/catalog/products/CA2683/CA2683@1.jpg,CA2683,簡約質感,大氣優雅
646,646,https://image.obdesign.com.tw/catalog/products/AB18234/AB18234@1.jpg,AB18234,,
647,647,https://image.obdesign.com.tw/catalog/products/AB16595/AB16595@1.jpg,AB16595,簡約質感,都會輕熟
648,648,https://image.obdesign.com.tw/catalog/products/AB18108/AB18108@1.jpg,AB18108,率性休閒,簡約質感
649,649,https://image.obdesign.com.tw/catalog/products/BA6856/BA6856@1.jpg,BA6856,,
650,650,https://image.obdesign.com.tw/catalog/products/KS1045/KS1045@1.jpg,KS1045,率性休閒,性感迷人
651,651,https://image.obdesign.com.tw/catalog/products/AB17668/AB17668@1.jpg,AB17668,簡約質感,都會輕熟
652,652,https://image.obdesign.com.tw/catalog/products/DA9495/DA9495@1.jpg,DA9495,簡約質感,清新甜美
653,653,https://image.obdesign.com.tw/catalog/products/DA9448/DA9448@1.jpg,DA9448,簡約質感,大氣優雅
654,654,https://image.obdesign.com.tw/catalog/products/EA3366/EA3366@1.jpg,EA3366,率性休閒,態度個性
655,655,https://image.obdesign.com.tw/catalog/products/DA9464/DA9464@1.jpg,DA9464,率性休閒,簡約質感
656,656,https://image.obdesign.com.tw/catalog/products/DA9418/DA9418@1.jpg,DA9418,清新甜美,溫柔浪漫
657,657,https://image.obdesign.com.tw/catalog/products/EA3461/EA3461@1.jpg,EA3461,率性休閒,清新甜美
658,658,https://image.obdesign.com.tw/catalog/products/AB18122/AB18122@1.jpg,AB18122,簡約質感,大氣優雅
659,659,https://image.obdesign.com.tw/catalog/products/AB17718/AB17718@1.jpg,AB17718,率性休閒,清新甜美
660,660,https://image.obdesign.com.tw/catalog/products/AB18119/AB18119@1.jpg,AB18119,率性休閒,態度個性
661,661,https://image.obdesign.com.tw/catalog/products/AB17956/AB17956@1.jpg,AB17956,簡約質感,都會輕熟
662,662,https://image.obdesign.com.tw/catalog/products/DA9390/DA9390@1.jpg,DA9390,清新甜美,溫柔浪漫
663,663,https://image.obdesign.com.tw/catalog/products/BA6988/BA6988@1.jpg,BA6988,率性休閒,
664,664,https://image.obdesign.com.tw/catalog/products/DA9633/DA9633@1.jpg,DA9633,,
665,665,https://image.obdesign.com.tw/catalog/products/AB18010/AB18010@1.jpg,AB18010,簡約質感,大氣優雅
666,666,https://image.obdesign.com.tw/catalog/products/EA3372/EA3372@1.jpg,EA3372,清新甜美,溫柔浪漫
667,667,https://image.obdesign.com.tw/catalog/products/AB17886/AB17886@1.jpg,AB17886,清新甜美,溫柔浪漫
668,668,https://image.obdesign.com.tw/catalog/products/MA0534/MA0534@1.jpg,MA0534,清新甜美,溫柔浪漫
669,669,https://image.obdesign.com.tw/catalog/products/AB17966/AB17966@1.jpg,AB17966,簡約質感,溫柔浪漫
670,670,https://image.obdesign.com.tw/catalog/products/CA2704/CA2704@1.jpg,CA2704,簡約質感,都會輕熟
671,671,https://image.obdesign.com.tw/catalog/products/FA2695/FA2695@1.jpg,FA2695,率性休閒,態度個性
672,672,https://image.obdesign.com.tw/catalog/products/AB17732/AB17732@1.jpg,AB17732,率性休閒,態度個性
673,673,https://image.obdesign.com.tw/catalog/products/DA9553/DA9553@1.jpg,DA9553,簡約質感,大氣優雅
674,674,https://image.obdesign.com.tw/catalog/products/AB18208/AB18208@1.jpg,AB18208,簡約質感,慵懶度假
675,675,https://image.obdesign.com.tw/catalog/products/CA2638/CA2638@1.jpg,CA2638,簡約質感,大氣優雅
676,676,https://image.obdesign.com.tw/catalog/products/AB18219/AB18219@1.jpg,AB18219,清新甜美,溫柔浪漫
677,677,https://image.obdesign.com.tw/catalog/products/EA3414/EA3414@1.jpg,EA3414,簡約質感,都會輕熟
678,678,https://image.obdesign.com.tw/catalog/products/EA3397/EA3397@1.jpg,EA3397,率性休閒,簡約質感
679,679,https://image.obdesign.com.tw/catalog/products/EA3444/EA3444@1.jpg,EA3444,簡約質感,都會輕熟
680,680,https://image.obdesign.com.tw/catalog/products/AB18098/AB18098@1.jpg,AB18098,簡約質感,大氣優雅
681,681,https://image.obdesign.com.tw/catalog/products/AB16833/AB16833@1.jpg,AB16833,,
682,682,https://image.obdesign.com.tw/catalog/products/FA2631/FA2631@1.jpg,FA2631,慵懶度假,態度個性
683,683,https://image.obdesign.com.tw/catalog/products/AB17988/AB17988@1.jpg,AB17988,簡約質感,
684,684,https://image.obdesign.com.tw/catalog/products/AB18067/AB18067@1.jpg,AB18067,清新甜美,溫柔浪漫
685,685,https://image.obdesign.com.tw/catalog/products/BA6969/BA6969@1.jpg,BA6969,簡約質感,態度個性
686,686,https://image.obdesign.com.tw/catalog/products/AB17561/AB17561@1.jpg,AB17561,清新甜美,溫柔浪漫
687,687,https://image.obdesign.com.tw/catalog/products/KS1093/KS1093@1.jpg,KS1093,率性休閒,簡約質感
688,688,https://image.obdesign.com.tw/catalog/products/BA6847/BA6847@1.jpg,BA6847,簡約質感,都會輕熟
689,689,https://image.obdesign.com.tw/catalog/products/QA1587/QA1587@1.jpg,QA1587,率性休閒,
690,690,https://image.obdesign.com.tw/catalog/products/AB17592/AB17592@1.jpg,AB17592,清新甜美,溫柔浪漫
691,691,https://image.obdesign.com.tw/catalog/products/EA3438/EA3438@1.jpg,EA3438,簡約質感,都會輕熟
692,692,https://image.obdesign.com.tw/catalog/products/AB17868/AB17868@1.jpg,AB17868,清新甜美,溫柔浪漫
693,693,https://image.obdesign.com.tw/catalog/products/BA6869/BA6869@1.jpg,BA6869,清新甜美,溫柔浪漫
694,694,https://image.obdesign.com.tw/catalog/products/DA9459/DA9459@1.jpg,DA9459,簡約質感,清新甜美
695,695,https://image.obdesign.com.tw/catalog/products/YA425/YA425@1.jpg,YA425,率性休閒,態度個性
696,696,https://image.obdesign.com.tw/catalog/products/EA3456/EA3456@1.jpg,EA3456,簡約質感,性感迷人
697,697,https://image.obdesign.com.tw/catalog/products/AB17529/AB17529@1.jpg,AB17529,率性休閒,態度個性
698,698,https://image.obdesign.com.tw/catalog/products/KL1518/KL1518@1.jpg,KL1518,率性休閒,簡約質感
699,699,https://image.obdesign.com.tw/catalog/products/BA6960/BA6960@1.jpg,BA6960,清新甜美,溫柔浪漫
700,700,https://image.obdesign.com.tw/catalog/products/EA3458/EA3458@1.jpg,EA3458,簡約質感,態度個性
701,701,https://image.obdesign.com.tw/catalog/products/BA6884/BA6884@1.jpg,BA6884,率性休閒,簡約質感
702,702,https://image.obdesign.com.tw/catalog/products/AB17545/AB17545@1.jpg,AB17545,簡約質感,大氣優雅
703,703,https://image.obdesign.com.tw/catalog/products/AB18034/AB18034@1.jpg,AB18034,簡約質感,慵懶度假
704,704,https://image.obdesign.com.tw/catalog/products/BA6918/BA6918@1.jpg,BA6918,簡約質感,都會輕熟
705,705,https://image.obdesign.com.tw/catalog/products/BA6974/BA6974@1.jpg,BA6974,率性休閒,簡約質感
706,706,https://image.obdesign.com.tw/catalog/products/AB18281/AB18281@1.jpg,AB18281,簡約質感,慵懶度假
707,707,https://image.obdesign.com.tw/catalog/products/AB17676/AB17676@1.jpg,AB17676,率性休閒,態度個性
708,708,https://image.obdesign.com.tw/catalog/products/AB17896/AB17896@1.jpg,AB17896,率性休閒,態度個性
709,709,https://image.obdesign.com.tw/catalog/products/QA1609/QA1609@1.jpg,QA1609,清新甜美,
710,710,https://image.obdesign.com.tw/catalog/products/FA2615/FA2615@1.jpg,FA2615,清新甜美,溫柔浪漫
711,711,https://image.obdesign.com.tw/catalog/products/CA2707/CA2707@1.jpg,CA2707,簡約質感,性感迷人
712,712,https://image.obdesign.com.tw/catalog/products/AB18096/AB18096@1.jpg,AB18096,簡約質感,大氣優雅
713,713,https://image.obdesign.com.tw/catalog/products/AB17657/AB17657@1.jpg,AB17657,率性休閒,態度個性
714,714,https://image.obdesign.com.tw/catalog/products/FA2673/FA2673@1.jpg,FA2673,簡約質感,都會輕熟
715,715,https://image.obdesign.com.tw/catalog/products/AB17734/AB17734@1.jpg,AB17734,率性休閒,態度個性
716,716,https://image.obdesign.com.tw/catalog/products/BA6952/BA6952@1.jpg,BA6952,率性休閒,簡約質感
717,717,https://image.obdesign.com.tw/catalog/products/FA2601/FA2601@1.jpg,FA2601,率性休閒,態度個性
718,718,https://image.obdesign.com.tw/catalog/products/AB17964/AB17964@1.jpg,AB17964,清新甜美,溫柔浪漫
719,719,https://image.obdesign.com.tw/catalog/products/AB17911/AB17911@1.jpg,AB17911,簡約質感,都會輕熟
720,720,https://image.obdesign.com.tw/catalog/products/BA6824/BA6824@1.jpg,BA6824,都會輕熟,大氣優雅
721,721,https://image.obdesign.com.tw/catalog/products/EA3415/EA3415@1.jpg,EA3415,率性休閒,清新甜美
722,722,https://image.obdesign.com.tw/catalog/products/AB18353/AB18353@1.jpg,AB18353,,
723,723,https://image.obdesign.com.tw/catalog/products/FA2611/FA2611@1.jpg,FA2611,清新甜美,溫柔浪漫
724,724,https://image.obdesign.com.tw/catalog/products/KS1070/KS1070@1.jpg,KS1070,率性休閒,性感迷人
725,725,https://image.obdesign.com.tw/catalog/products/AB17530/AB17530@1.jpg,AB17530,率性休閒,簡約質感
726,726,https://image.obdesign.com.tw/catalog/products/QA1523/QA1523@1.jpg,QA1523,率性休閒,
727,727,https://image.obdesign.com.tw/catalog/products/FA2630/FA2630@1.jpg,FA2630,率性休閒,簡約質感
728,728,https://image.obdesign.com.tw/catalog/products/AB18186/AB18186@1.jpg,AB18186,清新甜美,溫柔浪漫
729,729,https://image.obdesign.com.tw/catalog/products/EA3409/EA3409@1.jpg,EA3409,率性休閒,清新甜美
730,730,https://image.obdesign.com.tw/catalog/products/ZC2830/ZC2830@1.jpg,ZC2830,清新甜美,溫柔浪漫
731,731,https://image.obdesign.com.tw/catalog/products/DA9482/DA9482@1.jpg,DA9482,清新甜美,溫柔浪漫
732,732,https://image.obdesign.com.tw/catalog/products/AB17740/AB17740@1.jpg,AB17740,率性休閒,
733,733,https://image.obdesign.com.tw/catalog/products/AB16748/AB16748@1.jpg,AB16748,清新甜美,溫柔浪漫
734,734,https://image.obdesign.com.tw/catalog/products/QA1667/QA1667@1.jpg,QA1667,率性休閒,
735,735,https://image.obdesign.com.tw/catalog/products/AB18104/AB18104@1.jpg,AB18104,簡約質感,
736,736,https://image.obdesign.com.tw/catalog/products/AB16092/AB16092@1.jpg,AB16092,簡約質感,大氣優雅
737,737,https://image.obdesign.com.tw/catalog/products/AB17898/AB17898@1.jpg,AB17898,簡約質感,
738,738,https://image.obdesign.com.tw/catalog/products/FA2626/FA2626@1.jpg,FA2626,態度個性,
739,739,https://image.obdesign.com.tw/catalog/products/FA2701/FA2701@1.jpg,FA2701,清新甜美,溫柔浪漫
740,740,https://image.obdesign.com.tw/catalog/products/AB17697/AB17697@1.jpg,AB17697,率性休閒,態度個性
741,741,https://image.obdesign.com.tw/catalog/products/EA3434/EA3434@1.jpg,EA3434,率性休閒,簡約質感
742,742,https://image.obdesign.com.tw/catalog/products/AB18204/AB18204@1.jpg,AB18204,簡約質感,慵懶度假
743,743,https://image.obdesign.com.tw/catalog/products/AB17636/AB17636@1.jpg,AB17636,簡約質感,清新甜美
744,744,https://image.obdesign.com.tw/catalog/products/DA9409/DA9409@1.jpg,DA9409,簡約質感,大氣優雅
745,745,https://image.obdesign.com.tw/catalog/products/AB17965/AB17965@1.jpg,AB17965,簡約質感,大氣優雅
746,746,https://image.obdesign.com.tw/catalog/products/AB18293/AB18293@1.jpg,AB18293,慵懶度假,性感迷人
747,747,https://image.obdesign.com.tw/catalog/products/BA6981/BA6981@1.jpg,BA6981,簡約質感,都會輕熟
748,748,https://image.obdesign.com.tw/catalog/products/KL1534/KL1534@1.jpg,KL1534,,
749,749,https://image.obdesign.com.tw/catalog/products/FA2697/FA2697@1.jpg,FA2697,簡約質感,
750,750,https://image.obdesign.com.tw/catalog/products/ZC2747/ZC2747@1.jpg,ZC2747,簡約質感,大氣優雅
751,751,https://image.obdesign.com.tw/catalog/products/DA9434/DA9434@1.jpg,DA9434,清新甜美,溫柔浪漫
752,752,https://image.obdesign.com.tw/catalog/products/AB17736/AB17736@1.jpg,AB17736,率性休閒,態度個性
753,753,https://image.obdesign.com.tw/catalog/products/AB18003/AB18003@1.jpg,AB18003,簡約質感,都會輕熟
754,754,https://image.obdesign.com.tw/catalog/products/AB17522/AB17522@1.jpg,AB17522,清新甜美,慵懶度假
755,755,https://image.obdesign.com.tw/catalog/products/AB17794/AB17794@1.jpg,AB17794,簡約質感,大氣優雅
756,756,https://image.obdesign.com.tw/catalog/products/AB16156/AB16156@1.jpg,AB16156,率性休閒,態度個性
757,757,https://image.obdesign.com.tw/catalog/products/AB17924/AB17924@1.jpg,AB17924,率性休閒,清新甜美
758,758,https://image.obdesign.com.tw/catalog/products/EA3446/EA3446@1.jpg,EA3446,簡約質感,
759,759,https://image.obdesign.com.tw/catalog/products/BA6993/BA6993@1.jpg,BA6993,率性休閒,簡約質感
760,760,https://image.obdesign.com.tw/catalog/products/CA2667/CA2667@1.jpg,CA2667,率性休閒,簡約質感
761,761,https://image.obdesign.com.tw/catalog/products/AB17717/AB17717@1.jpg,AB17717,率性休閒,簡約質感
762,762,https://image.obdesign.com.tw/catalog/products/FA2640/FA2640@1.jpg,FA2640,清新甜美,溫柔浪漫
763,763,https://image.obdesign.com.tw/catalog/products/KL1294/KL1294@1.jpg,KL1294,率性休閒,態度個性
764,764,https://image.obdesign.com.tw/catalog/products/BA6599/BA6599@1.jpg,BA6599,清新甜美,溫柔浪漫
765,765,https://image.obdesign.com.tw/catalog/products/FA2679/FA2679@1.jpg,FA2679,率性休閒,態度個性
766,766,https://image.obdesign.com.tw/catalog/products/EA3339/EA3339@1.jpg,EA3339,率性休閒,態度個性
767,767,https://image.obdesign.com.tw/catalog/products/QA1603/QA1603@1.jpg,QA1603,率性休閒,
768,768,https://image.obdesign.com.tw/catalog/products/FA2617/FA2617@1.jpg,FA2617,簡約質感,慵懶度假
769,769,https://image.obdesign.com.tw/catalog/products/DA9461/DA9461@1.jpg,DA9461,簡約質感,清新甜美
770,770,https://image.obdesign.com.tw/catalog/products/KL1562/KL1562@1.jpg,KL1562,,
771,771,https://image.obdesign.com.tw/catalog/products/FA2583/FA2583@1.jpg,FA2583,簡約質感,
772,772,https://image.obdesign.com.tw/catalog/products/FA2641/FA2641@1.jpg,FA2641,清新甜美,溫柔浪漫
773,773,https://image.obdesign.com.tw/catalog/products/AB17921/AB17921@1.jpg,AB17921,率性休閒,態度個性
774,774,https://image.obdesign.com.tw/catalog/products/KL1530/KL1530@1.jpg,KL1530,,
775,775,https://image.obdesign.com.tw/catalog/products/AB17915/AB17915@1.jpg,AB17915,率性休閒,
776,776,https://image.obdesign.com.tw/catalog/products/FA2666/FA2666@1.jpg,FA2666,率性休閒,簡約質感
777,777,https://image.obdesign.com.tw/catalog/products/AB17885/AB17885@1.jpg,AB17885,清新甜美,溫柔浪漫
778,778,https://image.obdesign.com.tw/catalog/products/FA2645/FA2645@1.jpg,FA2645,簡約質感,都會輕熟
779,779,https://image.obdesign.com.tw/catalog/products/AB17696/AB17696@1.jpg,AB17696,清新甜美,溫柔浪漫
780,780,https://image.obdesign.com.tw/catalog/products/BA6871/BA6871@1.jpg,BA6871,率性休閒,態度個性
781,781,https://image.obdesign.com.tw/catalog/products/AB18018/AB18018@1.jpg,AB18018,率性休閒,態度個性
782,782,https://image.obdesign.com.tw/catalog/products/QA1562/QA1562@1.jpg,QA1562,,
783,783,https://image.obdesign.com.tw/catalog/products/DA9480/DA9480@1.jpg,DA9480,簡約質感,大氣優雅
784,784,https://image.obdesign.com.tw/catalog/products/FA2596/FA2596@1.jpg,FA2596,簡約質感,溫柔浪漫
785,785,https://image.obdesign.com.tw/catalog/products/AB17979/AB17979@1.jpg,AB17979,率性休閒,
786,786,https://image.obdesign.com.tw/catalog/products/DA9485/DA9485@1.jpg,DA9485,簡約質感,大氣優雅
787,787,https://image.obdesign.com.tw/catalog/products/AB17658/AB17658@1.jpg,AB17658,,
788,788,https://image.obdesign.com.tw/catalog/products/KL1500/KL1500@1.jpg,KL1500,率性休閒,簡約質感
789,789,https://image.obdesign.com.tw/catalog/products/KS1044/KS1044@1.jpg,KS1044,率性休閒,態度個性
790,790,https://image.obdesign.com.tw/catalog/products/AB17949/AB17949@1.jpg,AB17949,簡約質感,都會輕熟
791,791,https://image.obdesign.com.tw/catalog/products/AB18196/AB18196@1.jpg,AB18196,清新甜美,溫柔浪漫
792,792,https://image.obdesign.com.tw/catalog/products/CA2709/CA2709@1.jpg,CA2709,清新甜美,溫柔浪漫
793,793,https://image.obdesign.com.tw/catalog/products/DA9447/DA9447@1.jpg,DA9447,清新甜美,溫柔浪漫
794,794,https://image.obdesign.com.tw/catalog/products/AB18235/AB18235@1.jpg,AB18235,,
795,795,https://image.obdesign.com.tw/catalog/products/AB17945/AB17945@1.jpg,AB17945,率性休閒,清新甜美
796,796,https://image.obdesign.com.tw/catalog/products/QA1575/QA1575@1.jpg,QA1575,清新甜美,
797,797,https://image.obdesign.com.tw/catalog/products/AB16533/AB16533@1.jpg,AB16533,簡約質感,
798,798,https://image.obdesign.com.tw/catalog/products/AB17666/AB17666@1.jpg,AB17666,率性休閒,簡約質感
799,799,https://image.obdesign.com.tw/catalog/products/BA7026/BA7026@1.jpg,BA7026,簡約質感,
800,800,https://image.obdesign.com.tw/catalog/products/AB16155/AB16155@1.jpg,AB16155,率性休閒,
801,801,https://image.obdesign.com.tw/catalog/products/DA9419/DA9419@1.jpg,DA9419,慵懶度假,態度個性
802,802,https://image.obdesign.com.tw/catalog/products/AB17743/AB17743@1.jpg,AB17743,簡約質感,大氣優雅
803,803,https://image.obdesign.com.tw/catalog/products/KS1081/KS1081@1.jpg,KS1081,率性休閒,態度個性
804,804,https://image.obdesign.com.tw/catalog/products/BA6843/BA6843@1.jpg,BA6843,率性休閒,簡約質感
805,805,https://image.obdesign.com.tw/catalog/products/AB18061/AB18061@1.jpg,AB18061,簡約質感,慵懶度假
806,806,https://image.obdesign.com.tw/catalog/products/AB17494/AB17494@1.jpg,AB17494,簡約質感,大氣優雅
807,807,https://image.obdesign.com.tw/catalog/products/AB17986/AB17986@1.jpg,AB17986,清新甜美,溫柔浪漫
808,808,https://image.obdesign.com.tw/catalog/products/CA2681/CA2681@1.jpg,CA2681,性感迷人,態度個性
809,809,https://image.obdesign.com.tw/catalog/products/AB17576/AB17576@1.jpg,AB17576,簡約質感,大氣優雅
810,810,https://image.obdesign.com.tw/catalog/products/BA6888/BA6888@1.jpg,BA6888,簡約質感,都會輕熟
811,811,https://image.obdesign.com.tw/catalog/products/AB17635/AB17635@1.jpg,AB17635,簡約質感,都會輕熟
812,812,https://image.obdesign.com.tw/catalog/products/AB17551/AB17551@1.jpg,AB17551,清新甜美,溫柔浪漫
813,813,https://image.obdesign.com.tw/catalog/products/FA2738/FA2738@1.jpg,FA2738,,
814,814,https://image.obdesign.com.tw/catalog/products/AB17971/AB17971@1.jpg,AB17971,簡約質感,大氣優雅
815,815,https://image.obdesign.com.tw/catalog/products/AB17280/AB17280@1.jpg,AB17280,率性休閒,態度個性
816,816,https://image.obdesign.com.tw/catalog/products/DA9479/DA9479@1.jpg,DA9479,率性休閒,清新甜美
817,817,https://image.obdesign.com.tw/catalog/products/DA9416/DA9416@1.jpg,DA9416,率性休閒,慵懶度假
818,818,https://image.obdesign.com.tw/catalog/products/FA2582/FA2582@1.jpg,FA2582,簡約質感,都會輕熟
819,819,https://image.obdesign.com.tw/catalog/products/AB18125/AB18125@1.jpg,AB18125,清新甜美,溫柔浪漫
820,820,https://image.obdesign.com.tw/catalog/products/AB17519/AB17519@1.jpg,AB17519,簡約質感,大氣優雅
821,821,https://image.obdesign.com.tw/catalog/products/AB17918/AB17918@1.jpg,AB17918,率性休閒,簡約質感
822,822,https://image.obdesign.com.tw/catalog/products/AB17757/AB17757@1.jpg,AB17757,率性休閒,清新甜美
823,823,https://image.obdesign.com.tw/catalog/products/KL1494/KL1494@1.jpg,KL1494,率性休閒,都會輕熟
824,824,https://image.obdesign.com.tw/catalog/products/ZC2734/ZC2734@1.jpg,ZC2734,都會輕熟,溫柔浪漫
825,825,https://image.obdesign.com.tw/catalog/products/DA9347/DA9347@1.jpg,DA9347,清新甜美,溫柔浪漫
826,826,https://image.obdesign.com.tw/catalog/products/EA3426/EA3426@1.jpg,EA3426,簡約質感,都會輕熟
827,827,https://image.obdesign.com.tw/catalog/products/AB18053/AB18053@1.jpg,AB18053,率性休閒,清新甜美
828,828,https://image.obdesign.com.tw/catalog/products/KL1564/KL1564@1.jpg,KL1564,,
829,829,https://image.obdesign.com.tw/catalog/products/KL1459/KL1459@1.jpg,KL1459,率性休閒,態度個性
830,830,https://image.obdesign.com.tw/catalog/products/DA9460/DA9460@1.jpg,DA9460,清新甜美,溫柔浪漫
831,831,https://image.obdesign.com.tw/catalog/products/FA2625/FA2625@1.jpg,FA2625,率性休閒,態度個性
832,832,https://image.obdesign.com.tw/catalog/products/AB17544/AB17544@1.jpg,AB17544,清新甜美,溫柔浪漫
833,833,https://image.obdesign.com.tw/catalog/products/KG1453/KG1453@1.jpg,KG1453,率性休閒,性感迷人
834,834,https://image.obdesign.com.tw/catalog/products/KL1527/KL1527@1.jpg,KL1527,,
835,835,https://image.obdesign.com.tw/catalog/products/HB0085/HB0085@1.jpg,HB0085,簡約質感,慵懶度假
836,836,https://image.obdesign.com.tw/catalog/products/AB17747/AB17747@1.jpg,AB17747,率性休閒,簡約質感
837,837,https://image.obdesign.com.tw/catalog/products/FA2597/FA2597@1.jpg,FA2597,清新甜美,溫柔浪漫
838,838,https://image.obdesign.com.tw/catalog/products/AB17948/AB17948@1.jpg,AB17948,清新甜美,溫柔浪漫
839,839,https://image.obdesign.com.tw/catalog/products/AB17617/AB17617@1.jpg,AB17617,率性休閒,簡約質感
840,840,https://image.obdesign.com.tw/catalog/products/BA7047/BA7047@1.jpg,BA7047,率性休閒,簡約質感
841,841,https://image.obdesign.com.tw/catalog/products/EA3471/EA3471@1.jpg,EA3471,率性休閒,態度個性
842,842,https://image.obdesign.com.tw/catalog/products/QA1564/QA1564@1.jpg,QA1564,清新甜美,
843,843,https://image.obdesign.com.tw/catalog/products/AB17912/AB17912@1.jpg,AB17912,,
844,844,https://image.obdesign.com.tw/catalog/products/BA7045/BA7045@1.jpg,BA7045,,
845,845,https://image.obdesign.com.tw/catalog/products/CA2742/CA2742@1.jpg,CA2742,,
846,846,https://image.obdesign.com.tw/catalog/products/BA6965/BA6965@1.jpg,BA6965,清新甜美,溫柔浪漫
847,847,https://image.obdesign.com.tw/catalog/products/MA0536/MA0536@1.jpg,MA0536,溫柔浪漫,
848,848,https://image.obdesign.com.tw/catalog/products/AB17602/AB17602@1.jpg,AB17602,清新甜美,溫柔浪漫
849,849,https://image.obdesign.com.tw/catalog/products/AB17595/AB17595@1.jpg,AB17595,簡約質感,大氣優雅
850,850,https://image.obdesign.com.tw/catalog/products/AB18134/AB18134@1.jpg,AB18134,簡約質感,
851,851,https://image.obdesign.com.tw/catalog/products/AB17925/AB17925@1.jpg,AB17925,簡約質感,大氣優雅
852,852,https://image.obdesign.com.tw/catalog/products/BA6927/BA6927@1.jpg,BA6927,率性休閒,態度個性
853,853,https://image.obdesign.com.tw/catalog/products/FA2712/FA2712@1.jpg,FA2712,,
854,854,https://image.obdesign.com.tw/catalog/products/AB17618/AB17618@1.jpg,AB17618,率性休閒,態度個性
855,855,https://image.obdesign.com.tw/catalog/products/AB17989/AB17989@1.jpg,AB17989,率性休閒,簡約質感
856,856,https://image.obdesign.com.tw/catalog/products/CA2639/CA2639@1.jpg,CA2639,清新甜美,溫柔浪漫
857,857,https://image.obdesign.com.tw/catalog/products/AB18093/AB18093@1.jpg,AB18093,清新甜美,溫柔浪漫
858,858,https://image.obdesign.com.tw/catalog/products/AB17649/AB17649@1.jpg,AB17649,清新甜美,溫柔浪漫
859,859,https://image.obdesign.com.tw/catalog/products/ZC2676/ZC2676@1.jpg,ZC2676,率性休閒,態度個性
860,860,https://image.obdesign.com.tw/catalog/products/EA3485/EA3485@1.jpg,EA3485,簡約質感,清新甜美
861,861,https://image.obdesign.com.tw/catalog/products/DA9587/DA9587@1.jpg,DA9587,簡約質感,慵懶度假
862,862,https://image.obdesign.com.tw/catalog/products/AB17961/AB17961@1.jpg,AB17961,簡約質感,
863,863,https://image.obdesign.com.tw/catalog/products/FA2654/FA2654@1.jpg,FA2654,簡約質感,性感迷人
864,864,https://image.obdesign.com.tw/catalog/products/AB18099/AB18099@1.jpg,AB18099,簡約質感,
865,865,https://image.obdesign.com.tw/catalog/products/AB18028/AB18028@1.jpg,AB18028,清新甜美,溫柔浪漫
866,866,https://image.obdesign.com.tw/catalog/products/AB17897/AB17897@1.jpg,AB17897,率性休閒,性感迷人
867,867,https://image.obdesign.com.tw/catalog/products/BA6854/BA6854@1.jpg,BA6854,率性休閒,清新甜美
868,868,https://image.obdesign.com.tw/catalog/products/AB17656/AB17656@1.jpg,AB17656,簡約質感,大氣優雅
869,869,https://image.obdesign.com.tw/catalog/products/KS1043/KS1043@1.jpg,KS1043,率性休閒,態度個性
870,870,https://image.obdesign.com.tw/catalog/products/MA0554/MA0554@1.jpg,MA0554,簡約質感,大氣優雅
871,871,https://image.obdesign.com.tw/catalog/products/AB18182/AB18182@1.jpg,AB18182,,
872,872,https://image.obdesign.com.tw/catalog/products/AB18140/AB18140@1.jpg,AB18140,慵懶度假,性感迷人
873,873,https://image.obdesign.com.tw/catalog/products/CA2664/CA2664@1.jpg,CA2664,率性休閒,性感迷人
874,874,https://image.obdesign.com.tw/catalog/products/QA1569/QA1569@1.jpg,QA1569,率性休閒,
875,875,https://image.obdesign.com.tw/catalog/products/AB17816/AB17816@1.jpg,AB17816,率性休閒,清新甜美
876,876,https://image.obdesign.com.tw/catalog/products/CA2665/CA2665@1.jpg,CA2665,,
877,877,https://image.obdesign.com.tw/catalog/products/QA1623/QA1623@1.jpg,QA1623,率性休閒,
878,878,https://image.obdesign.com.tw/catalog/products/AB17659/AB17659@1.jpg,AB17659,率性休閒,態度個性
879,879,https://image.obdesign.com.tw/catalog/products/KS1071/KS1071@1.jpg,KS1071,率性休閒,性感迷人
880,880,https://image.obdesign.com.tw/catalog/products/AB17502/AB17502@1.jpg,AB17502,率性休閒,清新甜美
881,881,https://image.obdesign.com.tw/catalog/products/DA9501/DA9501@1.jpg,DA9501,簡約質感,慵懶度假
882,882,https://image.obdesign.com.tw/catalog/products/AB17783/AB17783@1.jpg,AB17783,率性休閒,簡約質感
883,883,https://image.obdesign.com.tw/catalog/products/AB18091/AB18091@1.jpg,AB18091,清新甜美,溫柔浪漫
884,884,https://image.obdesign.com.tw/catalog/products/QA1612/QA1612@1.jpg,QA1612,清新甜美,
885,885,https://image.obdesign.com.tw/catalog/products/DA9449/DA9449@1.jpg,DA9449,率性休閒,清新甜美
886,886,https://image.obdesign.com.tw/catalog/products/BA6914/BA6914@1.jpg,BA6914,清新甜美,溫柔浪漫
887,887,https://image.obdesign.com.tw/catalog/products/EA3428/EA3428@1.jpg,EA3428,簡約質感,都會輕熟
888,888,https://image.obdesign.com.tw/catalog/products/AB18080/AB18080@1.jpg,AB18080,清新甜美,溫柔浪漫
889,889,https://image.obdesign.com.tw/catalog/products/AB18117/AB18117@1.jpg,AB18117,清新甜美,溫柔浪漫
890,890,https://image.obdesign.com.tw/catalog/products/BA6978/BA6978@1.jpg,BA6978,率性休閒,清新甜美
891,891,https://image.obdesign.com.tw/catalog/products/AB17785/AB17785@1.jpg,AB17785,率性休閒,簡約質感
892,892,https://image.obdesign.com.tw/catalog/products/AB17841/AB17841@1.jpg,AB17841,率性休閒,簡約質感
893,893,https://image.obdesign.com.tw/catalog/products/FA2634/FA2634@1.jpg,FA2634,清新甜美,溫柔浪漫
894,894,https://image.obdesign.com.tw/catalog/products/FA2593/FA2593@1.jpg,FA2593,清新甜美,溫柔浪漫
895,895,https://image.obdesign.com.tw/catalog/products/YA433/YA433@1.jpg,YA433,,
896,896,https://image.obdesign.com.tw/catalog/products/DA9519/DA9519@1.jpg,DA9519,清新甜美,溫柔浪漫
897,897,https://image.obdesign.com.tw/catalog/products/AB17977/AB17977@1.jpg,AB17977,率性休閒,清新甜美
898,898,https://image.obdesign.com.tw/catalog/products/FA2652/FA2652@1.jpg,FA2652,率性休閒,簡約質感
899,899,https://image.obdesign.com.tw/catalog/products/AB17937/AB17937@1.jpg,AB17937,簡約質感,態度個性
900,900,https://image.obdesign.com.tw/catalog/products/AB18054/AB18054@1.jpg,AB18054,率性休閒,態度個性
901,901,https://image.obdesign.com.tw/catalog/products/CA2648/CA2648@1.jpg,CA2648,簡約質感,大氣優雅
902,902,https://image.obdesign.com.tw/catalog/products/AB17927/AB17927@1.jpg,AB17927,清新甜美,溫柔浪漫
903,903,https://image.obdesign.com.tw/catalog/products/AB16802/AB16802@1.jpg,AB16802,簡約質感,
904,904,https://image.obdesign.com.tw/catalog/products/AB17976/AB17976@1.jpg,AB17976,簡約質感,都會輕熟
905,905,https://image.obdesign.com.tw/catalog/products/CA2645/CA2645@1.jpg,CA2645,率性休閒,簡約質感
906,906,https://image.obdesign.com.tw/catalog/products/FA2621/FA2621@1.jpg,FA2621,清新甜美,溫柔浪漫
907,907,https://image.obdesign.com.tw/catalog/products/FA2683/FA2683@1.jpg,FA2683,簡約質感,大氣優雅
908,908,https://image.obdesign.com.tw/catalog/products/BA7017/BA7017@1.jpg,BA7017,率性休閒,簡約質感
909,909,https://image.obdesign.com.tw/catalog/products/BA6957/BA6957@1.jpg,BA6957,率性休閒,清新甜美
910,910,https://image.obdesign.com.tw/catalog/products/EA3376/EA3376@1.jpg,EA3376,率性休閒,簡約質感
911,911,https://image.obdesign.com.tw/catalog/products/QA1619/QA1619@1.jpg,QA1619,率性休閒,
912,912,https://image.obdesign.com.tw/catalog/products/EA3379/EA3379@1.jpg,EA3379,率性休閒,簡約質感
913,913,https://image.obdesign.com.tw/catalog/products/DA9441/DA9441@1.jpg,DA9441,率性休閒,態度個性
914,914,https://image.obdesign.com.tw/catalog/products/BA6877/BA6877@1.jpg,BA6877,簡約質感,都會輕熟
915,915,https://image.obdesign.com.tw/catalog/products/BA6837/BA6837@1.jpg,BA6837,清新甜美,溫柔浪漫
916,916,https://image.obdesign.com.tw/catalog/products/DA8925/DA8925@1.jpg,DA8925,,
917,917,https://image.obdesign.com.tw/catalog/products/AB18187/AB18187@1.jpg,AB18187,清新甜美,溫柔浪漫
918,918,https://image.obdesign.com.tw/catalog/products/CA2646/CA2646@1.jpg,CA2646,率性休閒,態度個性
919,919,https://image.obdesign.com.tw/catalog/products/KS1090/KS1090@1.jpg,KS1090,率性休閒,性感迷人
920,920,https://image.obdesign.com.tw/catalog/products/AB17914/AB17914@1.jpg,AB17914,率性休閒,態度個性
921,921,https://image.obdesign.com.tw/catalog/products/AB17967/AB17967@1.jpg,AB17967,簡約質感,性感迷人
922,922,https://image.obdesign.com.tw/catalog/products/AB17619/AB17619@1.jpg,AB17619,率性休閒,簡約質感
923,923,https://image.obdesign.com.tw/catalog/products/AB17908/AB17908@1.jpg,AB17908,簡約質感,
924,924,https://image.obdesign.com.tw/catalog/products/DA9520/DA9520@1.jpg,DA9520,簡約質感,大氣優雅
925,925,https://image.obdesign.com.tw/catalog/products/AB18006/AB18006@1.jpg,AB18006,率性休閒,態度個性
926,926,https://image.obdesign.com.tw/catalog/products/KL1498/KL1498@1.jpg,KL1498,率性休閒,態度個性
927,927,https://image.obdesign.com.tw/catalog/products/CA2699/CA2699@1.jpg,CA2699,簡約質感,大氣優雅
928,928,https://image.obdesign.com.tw/catalog/products/QA1528/QA1528@1.jpg,QA1528,率性休閒,
929,929,https://image.obdesign.com.tw/catalog/products/AB17701/AB17701@1.jpg,AB17701,清新甜美,溫柔浪漫
930,930,https://image.obdesign.com.tw/catalog/products/DA9451/DA9451@1.jpg,DA9451,清新甜美,溫柔浪漫
931,931,https://image.obdesign.com.tw/catalog/products/QA1579/QA1579@1.jpg,QA1579,率性休閒,
932,932,https://image.obdesign.com.tw/catalog/products/BA7089/BA7089@1.jpg,BA7089,,
933,933,https://image.obdesign.com.tw/catalog/products/CA2652/CA2652@1.jpg,CA2652,清新甜美,溫柔浪漫
934,934,https://image.obdesign.com.tw/catalog/products/AB18127/AB18127@1.jpg,AB18127,清新甜美,溫柔浪漫
935,935,https://image.obdesign.com.tw/catalog/products/CA2693/CA2693@1.jpg,CA2693,清新甜美,溫柔浪漫
936,936,https://image.obdesign.com.tw/catalog/products/BA6400/BA6400@1.jpg,BA6400,簡約質感,都會輕熟
937,937,https://image.obdesign.com.tw/catalog/products/BA7022/BA7022@1.jpg,BA7022,率性休閒,清新甜美
938,938,https://image.obdesign.com.tw/catalog/products/AB18246/AB18246@1.jpg,AB18246,清新甜美,溫柔浪漫
939,939,https://image.obdesign.com.tw/catalog/products/AB17628/AB17628@1.jpg,AB17628,率性休閒,態度個性
940,940,https://image.obdesign.com.tw/catalog/products/FA2719/FA2719@1.jpg,FA2719,,
941,941,https://image.obdesign.com.tw/catalog/products/AB17846/AB17846@1.jpg,AB17846,清新甜美,溫柔浪漫
942,942,https://image.obdesign.com.tw/catalog/products/AB17940/AB17940@1.jpg,AB17940,率性休閒,態度個性
943,943,https://image.obdesign.com.tw/catalog/products/FA2592/FA2592@1.jpg,FA2592,簡約質感,
944,944,https://image.obdesign.com.tw/catalog/products/DA9592/DA9592@1.jpg,DA9592,率性休閒,清新甜美
945,945,https://image.obdesign.com.tw/catalog/products/AB17685/AB17685@1.jpg,AB17685,簡約質感,大氣優雅
946,946,https://image.obdesign.com.tw/catalog/products/BA7016/BA7016@1.jpg,BA7016,率性休閒,清新甜美
947,947,https://image.obdesign.com.tw/catalog/products/AB18136/AB18136@1.jpg,AB18136,率性休閒,簡約質感
948,948,https://image.obdesign.com.tw/catalog/products/KL1487/KL1487@1.jpg,KL1487,率性休閒,
949,949,https://image.obdesign.com.tw/catalog/products/DA9521/DA9521@1.jpg,DA9521,簡約質感,大氣優雅
950,950,https://image.obdesign.com.tw/catalog/products/AB17550/AB17550@1.jpg,AB17550,率性休閒,態度個性
951,951,https://image.obdesign.com.tw/catalog/products/BA6844/BA6844@1.jpg,BA6844,率性休閒,簡約質感
952,952,https://image.obdesign.com.tw/catalog/products/AB17720/AB17720@1.jpg,AB17720,清新甜美,溫柔浪漫
953,953,https://image.obdesign.com.tw/catalog/products/CA2679/CA2679@1.jpg,CA2679,簡約質感,都會輕熟
954,954,https://image.obdesign.com.tw/catalog/products/AB17878/AB17878@1.jpg,AB17878,清新甜美,溫柔浪漫
955,955,https://image.obdesign.com.tw/catalog/products/AB18017/AB18017@1.jpg,AB18017,率性休閒,態度個性
956,956,https://image.obdesign.com.tw/catalog/products/DA9403/DA9403@1.jpg,DA9403,清新甜美,溫柔浪漫
957,957,https://image.obdesign.com.tw/catalog/products/AB17582/AB17582@1.jpg,AB17582,率性休閒,簡約質感
958,958,https://image.obdesign.com.tw/catalog/products/FA2590/FA2590@1.jpg,FA2590,率性休閒,簡約質感
959,959,https://image.obdesign.com.tw/catalog/products/FA2610/FA2610@1.jpg,FA2610,清新甜美,溫柔浪漫
960,960,https://image.obdesign.com.tw/catalog/products/BA7020/BA7020@1.jpg,BA7020,簡約質感,
961,961,https://image.obdesign.com.tw/catalog/products/AB17963/AB17963@1.jpg,AB17963,簡約質感,都會輕熟
962,962,https://image.obdesign.com.tw/catalog/products/DA9428/DA9428@1.jpg,DA9428,簡約質感,大氣優雅
963,963,https://image.obdesign.com.tw/catalog/products/BA6973/BA6973@1.jpg,BA6973,率性休閒,性感迷人
964,964,https://image.obdesign.com.tw/catalog/products/AB18262/AB18262@1.jpg,AB18262,,
965,965,https://image.obdesign.com.tw/catalog/products/AB17523/AB17523@1.jpg,AB17523,率性休閒,慵懶度假
966,966,https://image.obdesign.com.tw/catalog/products/AB18199/AB18199@1.jpg,AB18199,清新甜美,溫柔浪漫
967,967,https://image.obdesign.com.tw/catalog/products/AB17505/AB17505@1.jpg,AB17505,,
968,968,https://image.obdesign.com.tw/catalog/products/FA2646/FA2646@1.jpg,FA2646,清新甜美,溫柔浪漫
969,969,https://image.obdesign.com.tw/catalog/products/AB17625/AB17625@1.jpg,AB17625,清新甜美,溫柔浪漫
